﻿<?xml version="1.0" encoding="utf-8"?>
<Defs>  
  <ScenarioDef>
    <defName>FTC_LostFortress</defName>
    <label>Abandoned frontline</label>
    <description>You and the other two discovered this bunker while searching for a place to settle, the facility inside were relatively intact. No matter why the bunker was abandoned, you all decided to settle it here.</description>
    <scenario>
      <summary>A group of stray refugees. and a newly abandoned bunker.</summary>
      <playerFaction>
        <def>PlayerFaction</def>
        <factionDef>PlayerColony</factionDef>
      </playerFaction>
      <parts>
        <li Class="ScenPart_StartingThing_Defined">
          <def>StartingThing_Defined</def>
          <thingDef>Steel</thingDef>
          <count>250</count>
        </li>
        <li Class="ScenPart_StartingThing_Defined">
          <def>StartingThing_Defined</def>
          <thingDef>WoodLog</thingDef>
          <count>150</count>
        </li>
        <li Class="ScenPart_ConfigPage_ConfigureStartingPawns">
          <def>ConfigPage_ConfigureStartingPawns</def>
          <pawnCount>3</pawnCount>
          <pawnChoiceCount>3</pawnChoiceCount>
        </li>
        <li Class="ScenPart_PlayerPawnsArriveMethod">
          <def>PlayerPawnsArriveMethod</def>
          <method>Standing</method>
        </li>
        <li Class="ScenPart_StartingThing_Defined">
          <def>StartingThing_Defined</def>
          <thingDef>MealSurvivalPack</thingDef>
          <count>50</count>
        </li>
        <li Class="ScenPart_StartingThing_Defined">
          <def>StartingThing_Defined</def>
          <thingDef>MedicineIndustrial</thingDef>
          <count>20</count>
        </li>
        <li Class="ScenPart_GameStartDialog">
          <def>GameStartDialog</def>
          <text>everything seems new, there is even fuel and medicine in the stockpile, just like someone was still in this place just a few weeks ago.\n\n it might be the end of an unknown story, but not ours.</text>
          <closeSound>GameStartSting</closeSound>
        </li>
        <li Class="KCSG.ScenPart_AddStartingStructure">
          <def>VFEC_AddStartingStructure</def>
          <structureLabel>An abandoned Bunker</structureLabel>
          <nearMapCenter>True</nearMapCenter>
          <chooseFrom>
            <li>FTC_CitadelBunkerStart</li>
          </chooseFrom>
        </li>
      </parts>
    </scenario>
  </ScenarioDef>
</Defs>
