<?xml version="1.0" encoding="utf-8" ?>

<Defs>

	<ThingDef ParentName="BuildingBase" Name="FTC_BasePermanentStructure" Abstract="True">
		<label>placeHolder</label>
		<description>\n\n This is a permanent facility, site wisely.</description>
		<thingClass>Building</thingClass>
		<altitudeLayer>Building</altitudeLayer>
		<designationCategory>FTC_PermanentStructure</designationCategory>
		<passability>Impassable</passability>
		<castEdgeShadows>false</castEdgeShadows>
		<scatterableOnMapGen>false</scatterableOnMapGen>
		<useHitPoints>true</useHitPoints>
		<drawGUIOverlay>True</drawGUIOverlay>
		<canOverlapZones>false</canOverlapZones>
		<alwaysHaulable>false</alwaysHaulable>
		<coversFloor>true</coversFloor>
		<minifiedDef></minifiedDef>
		<blockWind>true</blockWind>
		<statBases>
			<MaxHitPoints>600</MaxHitPoints>
			<WorkToBuild>0</WorkToBuild>
			<Flammability>0</Flammability>
		</statBases>
		<building>
			<deconstructible>false</deconstructible>
			<claimable>true</claimable>
		</building>
		<damageMultipliers>
		  <li>
			<damageDef>Cut</damageDef>
			<multiplier>0.05</multiplier>
		  </li>
		  <li>
			<damageDef>Blunt</damageDef>
			<multiplier>0.1</multiplier>
		  </li>
		  <li>
			<damageDef>Bomb</damageDef>
			<multiplier>0.25</multiplier>
		  </li>
		  <li>
			<damageDef>BombSuper</damageDef>
			<multiplier>0.25</multiplier>
		  </li>	  
		  <li>
			<damageDef>Demolish</damageDef>
			<multiplier>0.1</multiplier>
		  </li>
		  <li>
			<damageDef>Thump</damageDef>
			<multiplier>0.25</multiplier>
		  </li>
		  <li>
			<damageDef>Bullet</damageDef>
			<multiplier>0.5</multiplier>
		  </li>
		</damageMultipliers>
	</ThingDef>

	<ThingDef ParentName="FTC_BasePermanentStructure">	
		<defName>FTC_CitadelWall</defName>
		<label>citadel wall</label>
		<description>An impassable wall with extra protection from siege, designed for industrial fortress structure. Capable of holding up a roof.\n\n This is a permanent structure, site wisely.</description>		
		<uiIconPath>Things/FT_CitadelWall_Icon</uiIconPath>
		<uiIconPathsStuff>
		  <li>
			<appearance>Metal</appearance>
			<iconPath>Things/FT_CitadelWall_Metal_Icon</iconPath>
		  </li>
		  <li>
			<appearance>Bricks</appearance>
			<iconPath>Things/FT_CitadelWall_Bricks_Icon</iconPath>
		  </li>
		</uiIconPathsStuff>
		<graphicData>
			<graphicClass>Graphic_Appearances</graphicClass>
			<texPath>Things/CitadelWall</texPath>
			<linkType>CornerFiller</linkType>
			<linkFlags>
				<li>Wall</li>
				<li>Rock</li>
			</linkFlags>
			<damageData>
				<cornerTL>Damage/Corner</cornerTL>
				<cornerTR>Damage/Corner</cornerTR>
				<cornerBL>Damage/Corner</cornerBL>
				<cornerBR>Damage/Corner</cornerBR>
				<edgeTop>Damage/Edge</edgeTop>
				<edgeBot>Damage/Edge</edgeBot>
				<edgeLeft>Damage/Edge</edgeLeft>
				<edgeRight>Damage/Edge</edgeRight>
			</damageData>
		</graphicData>
		<neverMultiSelect>true</neverMultiSelect>
		<rotatable>false</rotatable>
		<fillPercent>1</fillPercent>
		<building>
		 	<blueprintGraphicData>
				<texPath>Things/Building/Linked/Wall_Blueprint_Atlas</texPath>
		  	</blueprintGraphicData>	
  			<isInert>true</isInert>
     		<isPlaceOverableWall>true</isPlaceOverableWall>
     		<ai_chillDestination>false</ai_chillDestination>
		</building>	  
 	    <staticSunShadowHeight>1.0</staticSunShadowHeight>
  	 	<blockLight>true</blockLight>
		<statBases>
		  <MaxHitPoints>500</MaxHitPoints>
		  <WorkToBuild>400</WorkToBuild>
		  <MeditationFocusStrength>0.25</MeditationFocusStrength>
		</statBases>
		<placingDraggableDimensions>1</placingDraggableDimensions>	
		<costList>
		  <Steel>2</Steel>
		</costList>
		<stuffCategories>
		  <li>Metallic</li>
		  <li>Stony</li>
		</stuffCategories>
		<costStuffCount>10</costStuffCount>
		<comps>
			<li Class="CompProperties_MeditationFocus">
				<statDef>MeditationFocusStrength</statDef>
				<focusTypes>
				  <li>Minimal</li>
				</focusTypes>
			</li>
		</comps>
	</ThingDef>
</Defs>	