<?xml version="1.0" encoding="utf-8" ?>

<Defs>

	<!-- Base -->

	<ThingDef Name="FTC_Palisade_Base" Abstract="True">
		<category>Building</category>
		<thingClass>Building</thingClass>
		<graphicData>
			<graphicClass>Graphic_Single</graphicClass>
			<linkType>CornerFiller</linkType>
			<linkFlags>
				<li>Wall</li>
				<li>Rock</li>
			</linkFlags>
			<damageData>
				<cornerTL>Damage/Corner</cornerTL>
				<cornerTR>Damage/Corner</cornerTR>
				<cornerBL>Damage/Corner</cornerBL>
				<cornerBR>Damage/Corner</cornerBR>
				<edgeTop>Damage/Edge</edgeTop>
				<edgeBot>Damage/Edge</edgeBot>
				<edgeLeft>Damage/Edge</edgeLeft>
				<edgeRight>Damage/Edge</edgeRight>
			</damageData>
		</graphicData>
		<soundImpactDefault>BulletImpact_Ground</soundImpactDefault>
		<selectable>true</selectable>
		<drawerType>MapMeshAndRealTime</drawerType>
		<terrainAffordanceNeeded>Heavy</terrainAffordanceNeeded>
		<stuffCategories>
			<li>Stony</li>
		</stuffCategories>		
		<blockWind>false</blockWind>
		<neverMultiSelect>true</neverMultiSelect>
		<holdsRoof>false</holdsRoof>
		<castEdgeShadows>false</castEdgeShadows>
			<building>
				<allowAutoroof>false</allowAutoroof>
				<isInert>true</isInert>
				<ai_chillDestination>false</ai_chillDestination>
			</building>
		<blockLight>false</blockLight>
		<leaveResourcesWhenKilled>true</leaveResourcesWhenKilled>
		<filthLeaving>Filth_RubbleBuilding</filthLeaving>
		<designationCategory>Structure</designationCategory>
		<altitudeLayer>Building</altitudeLayer>
		<passability>Impassable</passability>
		<fillPercent>1</fillPercent>
		<coversFloor>false</coversFloor>
		<statBases>
			<Flammability>0</Flammability>
			<Beauty>0</Beauty>
		</statBases>
		<placingDraggableDimensions>1</placingDraggableDimensions>
		<tickerType>Never</tickerType>
		<rotatable>false</rotatable>
		<repairEffect>Repair</repairEffect>		
		<staticSunShadowHeight>0.80</staticSunShadowHeight>
	</ThingDef>
	
	<!-- Palisade -->	
	
	<ThingDef ParentName="FTC_Palisade_Base">
		<defName>FT_Stony_Palisade</defName>
		<label>exterior wall</label>
		<description>...</description>	
		<graphicData>
			<texPath>Things/ConcreteWall/FT_Wall</texPath>
		</graphicData>
		<uiIconPath>Things/ConcreteWall/FT_Wall_Icon</uiIconPath>
		<building>
			<relatedBuildCommands>
				<li>FT_Stony_Palisade_CornerEmbrasures</li>
				<li>FT_Stony_Palisade_Embrasures</li>
				<li>FT_Stony_Palisade_Corner</li>
			</relatedBuildCommands>
		</building>	
		<statBases>
			<MaxHitPoints>500</MaxHitPoints>
			<WorkToBuild>800</WorkToBuild>
		</statBases>
		<costStuffCount>8</costStuffCount>
	</ThingDef>
	
	<ThingDef ParentName="FTC_Palisade_Base">
		<defName>FT_Stony_Palisade_Corner</defName>
		<label>diagonal exterior wall</label>
		<description>...</description>	
		<graphicData>
			<texPath>Things/ConcreteWall/FT_Wall_Corner</texPath>
		</graphicData>
		<uiIconPath>Things/ConcreteWall/FT_Wall_Icon</uiIconPath>
		<building>
			<relatedBuildCommands>
				<li>FT_Stony_Palisade_CornerEmbrasures</li>
				<li>FT_Stony_Palisade_Embrasures</li>
				<li>FT_Stony_Palisade</li>
			</relatedBuildCommands>
		</building>	
		<statBases>
			<MaxHitPoints>550</MaxHitPoints>
			<WorkToBuild>1000</WorkToBuild>
		</statBases>
		<costStuffCount>8</costStuffCount>
	</ThingDef>
	
	<ThingDef ParentName="FTC_Palisade_Base">
		<defName>FT_Stony_Palisade_Embrasures</defName>
		<label>exterior embrasure</label>
		<description>...</description>	
		<graphicData>
			<texPath>Things/ConcreteWall/FT_Wall_Embrasures</texPath>
		</graphicData>
		<uiIconPath>Things/ConcreteWall/FT_Wall_Embrasures_Icon</uiIconPath>
		<building>
			<relatedBuildCommands>
				<li>FT_Stony_Palisade_CornerEmbrasures</li>
				<li>FT_Stony_Palisade_Corner</li>
				<li>FT_Stony_Palisade</li>
			</relatedBuildCommands>
		</building>	
		<statBases>
			<MaxHitPoints>550</MaxHitPoints>
			<WorkToBuild>1000</WorkToBuild>
		</statBases>
		<costStuffCount>8</costStuffCount>
		<fillPercent>0.65</fillPercent>
	</ThingDef>
	
	<ThingDef ParentName="FTC_Palisade_Base">
		<defName>FT_Stony_Palisade_CornerEmbrasures</defName>
		<label>diagonal exterior embrasure</label>
		<description>...</description>	
		<graphicData>
			<texPath>Things/ConcreteWall/FT_Wall_Corner_Embrasures</texPath>
		</graphicData>
		<uiIconPath>Things/ConcreteWall/FT_Wall_Embrasures_Icon</uiIconPath>
		<building>
			<relatedBuildCommands>
				<li>FT_Stony_Palisade_Embrasures</li>
				<li>FT_Stony_Palisade_Corner</li>
				<li>FT_Stony_Palisade</li>
			</relatedBuildCommands>
		</building>	
		<statBases>
			<MaxHitPoints>550</MaxHitPoints>
			<WorkToBuild>1000</WorkToBuild>
		</statBases>
		<costStuffCount>8</costStuffCount>
		<fillPercent>0.65</fillPercent>
	</ThingDef>
	 
</Defs>	