<?xml version="1.0" encoding="utf-8" ?>

<Defs>

  <WorkGiverDef>
    <defName>FT_OperateFurnace</defName>
    <label>Operate ArcFurnace</label>
    <giverClass>WorkGiver_DoBill</giverClass>
    <workType>Smithing</workType>
    <priorityInType>125</priorityInType>
    <fixedBillGiverDefs>
      <li>FT_ArcFurnace</li>
    </fixedBillGiverDefs>
    <verb>Operate</verb>
    <gerund>Operating at</gerund>
    <requiredCapacities>
      <li>Manipulation</li>
    </requiredCapacities>
    <prioritizeSustains>true</prioritizeSustains>
  </WorkGiverDef>

  <ThingDef ParentName="FT_BenchBase">
    <defName>FT_ArcFurnace</defName>
    <label>electirc arc furnace</label>
    <description>A heavy smelter that recycles all sort of metallic pieces into steel, will generates a lot of heat.</description>
    <graphicData>
      <texPath>Things/ArcFurnace/building</texPath>
      <graphicClass>Graphic_Multi</graphicClass>
      <drawSize>7</drawSize>
      <damageData>
        <cornerTL>Damage/Corner</cornerTL>
        <cornerTR>Damage/Corner</cornerTR>
        <cornerBL>Damage/Corner</cornerBL>
        <cornerBR>Damage/Corner</cornerBR>
      </damageData>
    </graphicData>
    <castEdgeShadows>true</castEdgeShadows>
    <staticSunShadowHeight>0.50</staticSunShadowHeight>
    <costList>
      <Steel>750</Steel>
	  <FT_ConcreteCompressed>16</FT_ConcreteCompressed>
      <ComponentIndustrial>4</ComponentIndustrial>
    </costList>
    <statBases>
      <WorkToBuild>4000</WorkToBuild>
      <MaxHitPoints>1500</MaxHitPoints>
      <Flammability>0</Flammability>
      <Cleanliness>-2</Cleanliness>
    </statBases>
	  <recipes>
		  <li>FT_ExtractSteelByJunks</li>
		  <li>FT_ExtractSteelByJunksPlus</li>
		  <!-- <li>FT_Make_ConcreteCompressed</li>	中世紀大修聯動,將鐵礦煉成鐵 -->
		  <!-- <li>FT_Make_ConcreteCompressed</li>	中世紀大修聯動,將鐵煉成鋼鐵 -->
	  </recipes>
    <size>(4,4)</size>
    <pathCost>200</pathCost>
    <interactionCellOffset>(0,0,-2)</interactionCellOffset>
    <constructionSkillPrerequisite>8</constructionSkillPrerequisite>
    <comps>
      <li Class="CompProperties_Power">
        <compClass>CompPowerTrader</compClass>
        <shortCircuitInRain>true</shortCircuitInRain>
        <basePowerConsumption>1200</basePowerConsumption>
      </li>
      <li Class="CompProperties_HeatPusher">
        <compClass>CompHeatPusherPowered</compClass>
        <heatPerSecond>50</heatPerSecond>
      </li>
    </comps>
    <researchPrerequisites>
      <li>Smithing</li>
	  <li>Electricity</li>
    </researchPrerequisites>
    <placeWorkers>
      <li>PlaceWorker_PreventInteractionSpotOverlap</li>
    </placeWorkers>
  </ThingDef>

  <ThingDef ParentName="BuildingBase">
    <defName>FT_transformer</defName>
    <label>transformer cabinet</label>
    <description>Increases work speed when placed near an industrial workbench. One workbench can use up to eight transformer cabinets. Explodes when damaged.</description>
    <graphicData>
      <texPath>Things/Transformer/building</texPath>
      <graphicClass>Graphic_Multi</graphicClass>
      <drawSize>(3,2)</drawSize>
      <damageData>
        <cornerTL>Damage/Corner</cornerTL>
        <cornerTR>Damage/Corner</cornerTR>
        <cornerBL>Damage/Corner</cornerBL>
        <cornerBR>Damage/Corner</cornerBR>
      </damageData>
    </graphicData>
    <altitudeLayer>Building</altitudeLayer>
    <passability>PassThroughOnly</passability>
    <castEdgeShadows>true</castEdgeShadows>
    <staticSunShadowHeight>0.35</staticSunShadowHeight>
    <fillPercent>0.5</fillPercent>
    <canOverlapZones>false</canOverlapZones>
    <pathCost>42</pathCost>
    <tickerType>Normal</tickerType>
    <statBases>
      <MaxHitPoints>150</MaxHitPoints>
      <WorkToBuild>2000</WorkToBuild>
      <Mass>20</Mass>
      <Flammability>0.5</Flammability>
    </statBases>
    <size>(2,1)</size>
    <costList>
      <Steel>150</Steel>
      <ComponentIndustrial>5</ComponentIndustrial>
    </costList>
    <building>
      <destroySound>BuildingDestroyed_Metal_Small</destroySound>
    </building>
    <researchPrerequisites>
      <li>FT_Lathe</li>
    </researchPrerequisites>
    <designationCategory>Misc</designationCategory>
    <minifiedDef>MinifiedThing</minifiedDef>
    <constructionSkillPrerequisite>4</constructionSkillPrerequisite>
    <thingCategories>
      <li>BuildingsMisc</li>
    </thingCategories>
    <comps>
      <li Class="CompProperties_Facility">
        <statOffsets>
          <WorkTableWorkSpeedFactor>0.1</WorkTableWorkSpeedFactor>
        </statOffsets>
        <maxSimultaneous>8</maxSimultaneous>
      </li>
      <li Class="CompProperties_Explosive">
        <explosiveRadius>2.9</explosiveRadius>
        <explosiveDamageType>Bomb</explosiveDamageType>
        <explosiveExpandPerStackcount>0.4</explosiveExpandPerStackcount>
        <startWickHitPointsPercent>0.5</startWickHitPointsPercent>
        <wickTicks>30~60</wickTicks>
      </li>
    </comps>
    <placeWorkers>
      <li>PlaceWorker_ShowFacilitiesConnections</li>
    </placeWorkers>
  </ThingDef>

  <ThingDef ParentName="FTC_BasePermanentStructure">
    <defName>FT_CitadelGenerator</defName>
    <label>stationary chemfuel generator</label>
    <description>A chemfuel generator suitable for use in large fortresses, which is highly integrated into the ground structure in exchange for excellent safety, and fuel capacity but can be a hassle to deconstruct.</description>
    <thingClass>Building</thingClass>
    <drawerType>MapMeshAndRealTime</drawerType>
    <graphicData>
      <texPath>Things/FortGenerator/Generator</texPath>
      <graphicClass>Graphic_Multi</graphicClass>
      <drawSize>(9,5)</drawSize>
      <shadowData>
        <volume>(1.93,1,1.69)</volume>
        <offset>(-0.03,0,-0.1)</offset>
      </shadowData>
    </graphicData>
    <altitudeLayer>Building</altitudeLayer>
    <passability>PassThroughOnly</passability>
    <pathCost>150</pathCost>
    <blockWind>true</blockWind>
    <fillPercent>1.0</fillPercent>
    <rotatable>true</rotatable>
    <statBases>
      <MaxHitPoints>1500</MaxHitPoints>
      <WorkToBuild>3000</WorkToBuild>
      <Flammability>0.05</Flammability>
      <Beauty>-10</Beauty>
    </statBases>
    <tickerType>Normal</tickerType>
    <canOverlapZones>false</canOverlapZones>
    <size>(7,3)</size>
    <building>
      <destroySound>BuildingDestroyed_Metal_Medium</destroySound>
	  <deconstructible>false</deconstructible>
	  <claimable>true</claimable>
    </building>
    <costList>
      <Steel>200</Steel>
      <ComponentIndustrial>5</ComponentIndustrial>
	  <FT_ConcreteCompressed>10</FT_ConcreteCompressed>	  
    </costList>
    <comps>
      <li Class="CompProperties_Power">
        <compClass>CompPowerPlant</compClass>
        <basePowerConsumption>-5000</basePowerConsumption>
        <transmitsPower>true</transmitsPower>
        <soundAmbientProducingPower>ChemfuelFiredGenerator_Ambience</soundAmbientProducingPower>
      </li>
      <li Class="CompProperties_Flickable" />
      <li Class="CompProperties_Refuelable">
        <fuelConsumptionRate>20</fuelConsumptionRate>
        <fuelCapacity>2400.0</fuelCapacity>
        <fuelFilter>
          <thingDefs>
            <li>Chemfuel</li>
          </thingDefs>
        </fuelFilter>
        <showAllowAutoRefuelToggle>true</showAllowAutoRefuelToggle>
      </li>
      <li Class="CompProperties_Glower">
        <glowRadius>10</glowRadius>
        <glowColor>(80,112,180,0)</glowColor>
      </li>
      <li Class="CompProperties_HeatPusher">
        <compClass>CompHeatPusherPowered</compClass>
        <heatPerSecond>30</heatPerSecond>
      </li>
      <li Class="CompProperties_Breakdownable"/>
      <li Class="CompProperties_Explosive">
        <explosiveRadius>0</explosiveRadius>
        <explosiveExpandPerFuel>0.005</explosiveExpandPerFuel>
        <explosiveDamageType>Bomb</explosiveDamageType>
        <destroyThingOnExplosionSize>7</destroyThingOnExplosionSize>
        <startWickHitPointsPercent>0.05</startWickHitPointsPercent>
        <preExplosionSpawnThingDef>Filth_Fuel</preExplosionSpawnThingDef>
        <preExplosionSpawnChance>1</preExplosionSpawnChance>
        <wickTicks>150~300</wickTicks>
      </li>
    </comps>
    <terrainAffordanceNeeded>Heavy</terrainAffordanceNeeded>
    <designationCategory>Power</designationCategory>
    <constructEffect>ConstructMetal</constructEffect>
    <researchPrerequisites>
      <li>FT_ENIAC</li>
    </researchPrerequisites>
    <constructionSkillPrerequisite>12</constructionSkillPrerequisite>
  </ThingDef>

  <WorkGiverDef>
    <defName>FT_OperateKitchen</defName>
    <label>cook at kitchen</label>
    <giverClass>WorkGiver_DoBill</giverClass>
    <workType>Cooking</workType>
    <priorityInType>125</priorityInType>
    <fixedBillGiverDefs>
      <li>FTC_FieldKitchen</li>
    </fixedBillGiverDefs>
    <verb>Cook</verb>
    <gerund>cooking at</gerund>
    <requiredCapacities>
      <li>Manipulation</li>
    </requiredCapacities>
    <prioritizeSustains>true</prioritizeSustains>
  </WorkGiverDef>
  
   <ThingDef ParentName="BenchBase">
    <defName>FTC_FieldKitchen</defName>
    <label>field kitchen</label>
    <description>A mobile kitchen that can cook meal outside the field but it's only have few selection, require chemfuel or wood as fuel.</description>
    <thingClass>Building_WorkTable_HeatPush</thingClass>
    <graphicData>
      <texPath>Things/FieldKitchen/building</texPath>
      <graphicClass>Graphic_Multi</graphicClass>
      <drawSize>(3,3)</drawSize>
      <damageData>
        <cornerTL>Damage/Corner</cornerTL>
        <cornerTR>Damage/Corner</cornerTR>
        <cornerBL>Damage/Corner</cornerBL>
        <cornerBR>Damage/Corner</cornerBR>
      </damageData>
      <shadowData>
        <volume>(1, 0.6, 1)</volume>
      </shadowData>
    </graphicData>
    <castEdgeShadows>false</castEdgeShadows>
    <staticSunShadowHeight>0.0</staticSunShadowHeight>
    <costList>
      <Steel>80</Steel>
    </costList>
    <altitudeLayer>Building</altitudeLayer>
    <fillPercent>0.5</fillPercent>
    <useHitPoints>True</useHitPoints>
    <statBases>
      <WorkToBuild>2000</WorkToBuild>
      <MaxHitPoints>200</MaxHitPoints>
      <Cleanliness>-2</Cleanliness>
      <WorkTableEfficiencyFactor>0.9</WorkTableEfficiencyFactor>
    </statBases>
    <size>(3,2)</size>
    <designationCategory>Production</designationCategory>
    <passability>PassThroughOnly</passability>
    <pathCost>50</pathCost>
    <hasInteractionCell>True</hasInteractionCell>
    <interactionCellOffset>(0,0,-1)</interactionCellOffset>
    <surfaceType>Item</surfaceType>
    <recipes>
      <li>ButcherCorpseFlesh</li>
      <li>Make_Kibble</li>
      <li>Make_Pemmican</li>
      <li>Make_PemmicanBulk</li>
      <li>CookMealSimple</li>
      <li>CookMealSimpleBulk</li>
      <li>FTC_KitchenCookMealSimple</li>
    </recipes>
    <inspectorTabs>
      <li>ITab_Bills</li>
    </inspectorTabs>
    <building>
      <spawnedConceptLearnOpportunity>BillsTab</spawnedConceptLearnOpportunity>
    </building>
    <comps>
      <li Class="CompProperties_AffectedByFacilities">
        <linkableFacilities>
          <li>ToolCabinet</li>
        </linkableFacilities>
      </li>
      <li Class="CompProperties_Refuelable">
        <fuelConsumptionRate>100.0</fuelConsumptionRate>
        <fuelCapacity>50.0</fuelCapacity>
        <fuelFilter>
          <thingDefs>
            <li>WoodLog</li>
            <li>Chemfuel</li>
          </thingDefs>
        </fuelFilter>
        <consumeFuelOnlyWhenUsed>true</consumeFuelOnlyWhenUsed>
        <showAllowAutoRefuelToggle>true</showAllowAutoRefuelToggle>
      </li>
      <li Class="CompProperties_HeatPusher">
        <compClass>CompHeatPusherPowered</compClass>
        <heatPerSecond>4</heatPerSecond>
      </li>
    </comps>
    <placeWorkers>
      <li>PlaceWorker_ShowFacilitiesConnections</li>
      <li>PlaceWorker_PreventInteractionSpotOverlap</li>
    </placeWorkers>
  </ThingDef>
  
</Defs>	