<?xml version="1.0" encoding="utf-8" ?>

<Defs>

<!-- 噴煙者加強版 -->
 	<ThingDef ParentName="BuildingBase">
		<defName>FTC_TurretKatyusha</defName>
		<label>multi-railed rocket Launcher</label>
		<description>A manned stationary rocket launcher with eight rails, each of which can attach 2 rockets, can shoot sixteen shells at one time, however, it's far from accurate and consumes a huge amount of chemfuel each time it fires.</description>
		<graphicData>
			<texPath>Things/TurretArtillery_Base</texPath>
			<graphicClass>Graphic_Multi</graphicClass>
			<drawSize>3.5</drawSize>
			<drawOffset>(0,0,0)</drawOffset>
			<color>(160,160,160)</color>
			<damageData>
				<rect>(0.3,0.3,0.3,0.3)</rect>
			</damageData>
		</graphicData>
		<size>(3,3)</size>
		<thingClass>Building_TurretGun</thingClass>
		<drawerType>MapMeshAndRealTime</drawerType>
		<altitudeLayer>Building</altitudeLayer>
		<hasInteractionCell>True</hasInteractionCell>
		<interactionCellOffset>(0,0,-2)</interactionCellOffset>
		<stealable>false</stealable>
		<passability>PassThroughOnly</passability>
		<pathCost>50</pathCost>
		<fillPercent>0.2</fillPercent>
		<tickerType>Normal</tickerType>
		<designationCategory>Security</designationCategory>
		<inspectorTabs>
			<li>ITab_Shells</li>
		</inspectorTabs>
		<placeWorkers>
			<li>PlaceWorker_NotUnderRoof</li>
			<li>PlaceWorker_TurretTop</li>
			<li>PlaceWorker_PreventInteractionSpotOverlap</li>
		</placeWorkers>
		<researchPrerequisites>
			<li>FT_HeavyArtillery</li>
		</researchPrerequisites>
		<comps>
			<li Class="CompProperties_Explosive">
				<wickTicks>240</wickTicks>
				<explosiveRadius>4.9</explosiveRadius>
        		<explosiveExpandPerFuel>0.025</explosiveExpandPerFuel>
				<explosiveDamageType>Bomb</explosiveDamageType>
			</li>
			<li Class="CompProperties_Refuelable">
				<fuelLabel>Shots until no propellant</fuelLabel>
				<fuelGizmoLabel>propellant amount</fuelGizmoLabel>
				<outOfFuelMessage>Cannot shoot: Needs more propellant</outOfFuelMessage>
				<fuelFilter><thingDefs><li>Chemfuel</li></thingDefs></fuelFilter>
				<fuelCapacity>800</fuelCapacity>
				<fuelMultiplier>1</fuelMultiplier>
				<initialFuelPercent>0</initialFuelPercent>
				<showFuelGizmo>true</showFuelGizmo>
				<minimumFueledThreshold>400</minimumFueledThreshold>
				<consumeFuelOnlyWhenUsed>true</consumeFuelOnlyWhenUsed>
				<initialAllowAutoRefuel>true</initialAllowAutoRefuel>
				<autoRefuelPercent>0.5</autoRefuelPercent>
			</li>
			<li Class="CompProperties_Forbiddable"/>
			<li Class="CompProperties_Mannable">
				<manWorkType>Violent</manWorkType>
			</li>
		</comps>
		<statBases>
			<MaxHitPoints>500</MaxHitPoints>
			<Flammability>0.2</Flammability>
			<WorkToBuild>3000</WorkToBuild>
			<Beauty>-20</Beauty>
		</statBases>
		<costList>
			<FT_ConcreteCompressed>8</FT_ConcreteCompressed>
			<Steel>475</Steel>
			<ComponentIndustrial>8</ComponentIndustrial>
		</costList>
		<terrainAffordanceNeeded>Heavy</terrainAffordanceNeeded>
		<building>
			<turretBurstWarmupTime>2.0</turretBurstWarmupTime>
			<turretBurstCooldownTime>128.0</turretBurstCooldownTime>
			<turretTopDrawSize>4</turretTopDrawSize>	
			<turretGunDef>FTC_Gun_katyusha</turretGunDef>
			<buildingTags>
				<li>Artillery</li>
				<li>Artillery_MannedMortar</li>
			</buildingTags>
		</building>
		<uiIconPath>Things/RailedLauncher_icon</uiIconPath>
		<uiIconScale>1</uiIconScale>
 	 </ThingDef>
  	<ThingDef ParentName="BaseArtilleryWeapon"> 
		<defName>FTC_Gun_katyusha</defName>
		<label>multi-railed rocket</label>
		<description>A railed rocket launcher. Lobs rocket shells over walls. Very inaccurate but mass-amount.</description>
		<recoilPower>6</recoilPower>
	    <graphicData>
			<texPath>Things/RailedLauncher</texPath>
			<drawSize>(4,4)</drawSize>
  		</graphicData>
		<verbs>
		<li>
			<verbClass>Fortification.Verb_NewShoot</verbClass>
			<forceNormalTimeSpeed>false</forceNormalTimeSpeed>
			<warmupTime>84.0</warmupTime>
			<forcedMissRadius>10</forcedMissRadius>
			<forcedMissRadiusClassicMortars>10</forcedMissRadiusClassicMortars>
			<isMortar>true</isMortar>
			<requireLineOfSight>false</requireLineOfSight>
			<minRange>19.9</minRange>
			<range>500</range>
			<burstShotCount>16</burstShotCount>
			<soundCast>FT_NebelShot</soundCast>
			<muzzleFlashScale>30</muzzleFlashScale>
			<consumeFuelPerShot>25</consumeFuelPerShot>
			<targetParams>
				<canTargetLocations>true</canTargetLocations>
			</targetParams>
		</li>
		</verbs>
		<comps>
			<li Class="CompProperties_ChangeableProjectile" />
		</comps>
		<building>
		<fixedStorageSettings>
			<filter>
			<categories>
				<li>MortarShells</li>
			</categories>
			<disallowedThingDefs>
				<li MayRequire="Aoba.Fortress.Industrial.NuclearDawn">FT_Shell_NuclearWarhead</li>
				<li>Shell_AntigrainWarhead</li>
			</disallowedThingDefs>
			</filter>
		</fixedStorageSettings>
		<defaultStorageSettings>
			<filter>
			<categories>
				<li>MortarShells</li>
			</categories>
			<disallowedThingDefs>
				<li>Shell_Firefoam</li>
				<li MayRequire="Aoba.Fortress.Industrial.NuclearDawn">FT_Shell_NuclearWarhead</li>
				<li>Shell_AntigrainWarhead</li>
			</disallowedThingDefs>
			</filter>
		</defaultStorageSettings>
		</building>
  	</ThingDef>

 <!-- 砲塔類，進入後不可控制指令，不耗電 -->
	<ThingDef ParentName="FTC_BasePermanentStructure" Name="FTC_BasePermanentTurret" Abstract="True">
		<thingClass>FortificationFacility.Building_TurretCapacity</thingClass>
		<drawerType>MapMeshAndRealTime</drawerType>
		<hasInteractionCell>True</hasInteractionCell>
		<interactionCellOffset>(0,0,-1)</interactionCellOffset>
		<stealable>false</stealable>
		<passability>PassThroughOnly</passability>
		<pathCost>50</pathCost>
		<coversFloor>false</coversFloor>
		<blockWind>false</blockWind>
		<tickerType>Normal</tickerType>
		<comps>
			<li Class="CompProperties_Forbiddable"/>
			<li Class="CompProperties_Breakdownable"/>	  
		</comps>
		<constructionSkillPrerequisite>8</constructionSkillPrerequisite>
		<placeWorkers>
			<li>PlaceWorker_TurretTop</li>
			<li>PlaceWorker_ShowTurretRadius</li>
		</placeWorkers>	
		<building>
			<ai_combatDangerous>true</ai_combatDangerous>
		</building>
	</ThingDef>

<!-- Twin MG Bunker -->
	<ThingDef ParentName="FTC_BasePermanentTurret">
		<defName>FTC_TurretTwinMG_Base</defName>
		<label>機槍砲塔工事</label>
		<description>將裝甲車輛上的聯裝機槍砲塔安裝在半埋的混凝土箱中做為固定砲塔使用 n\n 作為一種砲塔工事，砲手可以在內部操作武器直到被摧毀，但工事中的砲手無法受到直接命令。\n\n This is a permanent structure, site wisely.</description>
		<uiIconPath>Things/TankBunkerLight/Turret_machineGun_Icon</uiIconPath>
		<uiIconScale>1</uiIconScale>
		<graphicData>
			<texPath>Things/TankBunkerLight/base</texPath>
			<graphicClass>Graphic_Multi</graphicClass>
			<drawSize>2</drawSize>
			<drawOffset>(0,0,0)</drawOffset>
			<color>(200,200,200)</color>
			<damageData>
				<rect>(0.3,0.3,0.3,0.3)</rect>
			</damageData>
		</graphicData>
		<size>(3,3)</size>
		<rotatable>true</rotatable>
		<coversFloor>false</coversFloor>
		<statBases>
			<MaxHitPoints>750</MaxHitPoints>
			<WorkToBuild>2000</WorkToBuild>
			<Beauty>-5</Beauty>
			<ShootingAccuracyTurret>0.85</ShootingAccuracyTurret>
		</statBases>
		<costList>
			<Steel>150</Steel>
			<ComponentIndustrial>3</ComponentIndustrial>
   		  	<FT_ConcreteCompressed>4</FT_ConcreteCompressed>
		</costList>
		<building>
			<ai_combatDangerous>true</ai_combatDangerous>
			<turretGunDef>FTC_TurretTwinMG</turretGunDef>
			<turretTopDrawSize>3</turretTopDrawSize>		 
			<turretBurstWarmupTime>0.20</turretBurstWarmupTime>   <!--================冷卻與瞄準時間 ================-->
			<turretBurstCooldownTime>1.0</turretBurstCooldownTime>
		</building>
		<researchPrerequisites>
			<li>FTC_TurretBunker</li>
		</researchPrerequisites>
		<comps>
			<li Class="CompProperties_Refuelable">
				<fuelLabel>Shots until barrel change</fuelLabel>
				<fuelGizmoLabel>Barrel durability</fuelGizmoLabel>
				<fuelFilter>
				<thingDefs>
					<li>Steel</li>
				</thingDefs>
				</fuelFilter>
				<fuelCapacity>600</fuelCapacity>
				<initialFuelPercent>1</initialFuelPercent>
				<autoRefuelPercent>0.75</autoRefuelPercent>
				<showFuelGizmo>true</showFuelGizmo>
				<minimumFueledThreshold>1</minimumFueledThreshold>
				<fuelMultiplier>2</fuelMultiplier>
				<factorByDifficulty>true</factorByDifficulty>
				<consumeFuelOnlyWhenUsed>true</consumeFuelOnlyWhenUsed>
				<outOfFuelMessage>Cannot shoot: Out of ammo</outOfFuelMessage>
				<fuelIconPath>UI/Overlays/Barrel</fuelIconPath>
			</li>
		</comps>
  	</ThingDef>

	<ThingDef ParentName="BaseWeaponTurret">
		<defName>FTC_TurretTwinMG</defName>
		<label>machine gun turret</label>
		<description>Twin machine gun mounted on an armoured turret.</description>
		<graphicData>
			<texPath>Things/TankBunkerLight/tankTurret_machineGun</texPath>
			<graphicClass>Graphic_Single</graphicClass>
		</graphicData>
		<statBases>
			<AccuracyTouch>0.64</AccuracyTouch>
			<AccuracyShort>0.75</AccuracyShort>
			<AccuracyMedium>0.94</AccuracyMedium>
			<AccuracyLong>0.50</AccuracyLong>
			<RangedWeapon_Cooldown>1</RangedWeapon_Cooldown>
		</statBases>
		<verbs>
		  	<li>
				<verbClass>Verb_Shoot</verbClass>
				<defaultProjectile>Bullet_MiniTurret</defaultProjectile>
				<warmupTime>0</warmupTime>
				<range>30.9</range>
				<minRange>1.9</minRange>
				<ticksBetweenBurstShots>5</ticksBetweenBurstShots>
				<burstShotCount>10</burstShotCount>
				<soundCast>GunShotA</soundCast>
				<soundCastTail>GunTail_Light</soundCastTail>
				<muzzleFlashScale>9</muzzleFlashScale>
				<consumeFuelPerShot>0.5</consumeFuelPerShot>
		 	 </li>
		</verbs>
	</ThingDef>

<!-- AutoCannon Bunker -->
	<ThingDef ParentName="FTC_BasePermanentTurret">
		<defName>FTC_TurretAutocannon_Base</defName>
		<label>機砲砲塔工事</label>
		<description>將裝甲車輛上的聯裝機槍砲塔安裝在半埋的混凝土箱中做為固定砲塔使用 n\n 作為一種砲塔工事，砲手可以在內部操作武器直到被摧毀，但工事中的砲手無法受到直接命令。\n\n This is a permanent structure, site wisely.</description>
		<uiIconPath>Things/TankBunkerLight/Turret_autoCannon_Icon</uiIconPath>
		<uiIconScale>1</uiIconScale>
		<graphicData>
			<texPath>Things/TankBunkerLight/base</texPath>
			<graphicClass>Graphic_Multi</graphicClass>
			<drawSize>2</drawSize>
			<drawOffset>(0,0,0)</drawOffset>
			<color>(200,200,200)</color>
			<damageData>
				<rect>(0.3,0.3,0.3,0.3)</rect>
			</damageData>
		</graphicData>
		<size>(3,3)</size>
		<rotatable>true</rotatable>
		<coversFloor>false</coversFloor>
		<statBases>
			<MaxHitPoints>750</MaxHitPoints>
			<WorkToBuild>2000</WorkToBuild>
			<Beauty>-5</Beauty>
			<ShootingAccuracyTurret>0.95</ShootingAccuracyTurret>
		</statBases>
		<costList>
			<Steel>175</Steel>
			<ComponentIndustrial>5</ComponentIndustrial>
			<FT_ConcreteCompressed>4</FT_ConcreteCompressed>
		</costList>
		<building>
			<ai_combatDangerous>true</ai_combatDangerous>
			<turretGunDef>FTC_TurretAutoCannon</turretGunDef>
			<turretTopDrawSize>3</turretTopDrawSize>		 
			<turretBurstWarmupTime>0.20</turretBurstWarmupTime>   <!--================冷卻與瞄準時間 ================-->
			<turretBurstCooldownTime>1.0</turretBurstCooldownTime>
		</building>
		<researchPrerequisites>
			<li>FTC_TurretBunker</li>
		</researchPrerequisites>
		<comps>
			<li Class="CompProperties_Refuelable">
				<fuelLabel>Shots until barrel change</fuelLabel>
				<fuelGizmoLabel>Barrel durability</fuelGizmoLabel>
				<fuelFilter>
				<thingDefs>
					<li>Uranium</li>
				</thingDefs>
				</fuelFilter>
				<fuelCapacity>300</fuelCapacity>
				<initialFuelPercent>1</initialFuelPercent>
				<autoRefuelPercent>0.75</autoRefuelPercent>
				<showFuelGizmo>true</showFuelGizmo>
				<minimumFueledThreshold>1</minimumFueledThreshold>
				<fuelMultiplier>2</fuelMultiplier>
				<factorByDifficulty>true</factorByDifficulty>
				<consumeFuelOnlyWhenUsed>true</consumeFuelOnlyWhenUsed>
				<outOfFuelMessage>Cannot shoot: Needs new barrels</outOfFuelMessage>
				<fuelIconPath>UI/Overlays/Barrel</fuelIconPath>
			</li>
		</comps>
  	</ThingDef>
	<ThingDef ParentName="BaseWeaponTurret">
		<defName>FTC_TurretAutoCannon</defName>
		<label>autocannon turret</label>
		<description>an autocannon mounted on an armoured turret.</description>
		<graphicData>
			<texPath>Things/TankBunkerLight/tankTurret_autoCannon</texPath>
			<graphicClass>Graphic_Single</graphicClass>
		</graphicData>
		<statBases>
			<AccuracyTouch>0.85</AccuracyTouch>
			<AccuracyShort>0.85</AccuracyShort>
			<AccuracyMedium>0.95</AccuracyMedium>
			<AccuracyLong>0.65</AccuracyLong>
			<RangedWeapon_Cooldown>3.5</RangedWeapon_Cooldown>
		</statBases>
		<verbs>
		  	<li>
				<verbClass>Verb_Shoot</verbClass>
				<defaultProjectile>Bullet_AutocannonTurret</defaultProjectile>
				<warmupTime>0</warmupTime>
				<minRange>1.9</minRange>
				<range>32.9</range>
				<ticksBetweenBurstShots>15</ticksBetweenBurstShots>
				<burstShotCount>5</burstShotCount>
				<soundCast>FT_AutoCannonShot</soundCast>
				<soundCastTail>GunTail_Heavy</soundCastTail>
				<muzzleFlashScale>12</muzzleFlashScale>
				<consumeFuelPerShot>0.4</consumeFuelPerShot>
		 	 </li>
		</verbs>
	</ThingDef>

<!-- Anti Tank Turret Bunker -->
	<ThingDef ParentName="FTC_BasePermanentTurret">
		<defName>FTC_TurretAntiTank_Base</defName>
		<label>戰車砲塔工事</label>
		<description>中型戰車的砲塔安裝在半埋的混凝土箱中做為固定砲塔使用 n\n 作為一種砲塔工事，砲手可以在內部操作武器直到被摧毀，但工事中的砲手無法受到直接命令。\n\n This is a permanent structure, site wisely.</description>
		<uiIconPath>Things/TankTurretBunker_icon</uiIconPath>
		<uiIconScale>1.05</uiIconScale>
		<graphicData>
			<texPath>Things/TurretBunker</texPath>
			<graphicClass>Graphic_Multi</graphicClass>
			<drawSize>4</drawSize>
			<drawOffset>(0,0,0)</drawOffset>
			<color>(160,160,160)</color>
			<damageData>
				<rect>(0.3,0.3,0.3,0.3)</rect>
			</damageData>
		</graphicData>
		<interactionCellOffset>(-1,0,-1)</interactionCellOffset>
		<size>(3,3)</size>
		<rotatable>true</rotatable>
		<coversFloor>true</coversFloor>
		<statBases>
			<MaxHitPoints>1200</MaxHitPoints>
			<WorkToBuild>3000</WorkToBuild>
			<Beauty>-5</Beauty>
			<ShootingAccuracyTurret>0.99</ShootingAccuracyTurret>
		</statBases>
		<costList>
			<FT_ConcreteCompressed>8</FT_ConcreteCompressed>
			<Steel>425</Steel>
			<ComponentIndustrial>5</ComponentIndustrial>
			<ReinforcedBarrel>2</ReinforcedBarrel>
		</costList>
		<building>
			<turretGunDef>FTC_TurretMediumTank</turretGunDef>
			<turretTopDrawSize>5</turretTopDrawSize>		 
			<turretBurstWarmupTime>1.75</turretBurstWarmupTime>
			<turretBurstCooldownTime>5.0</turretBurstCooldownTime>
			<turretTopOffset>(0,0.1)</turretTopOffset>
		</building>
		<researchPrerequisites>
			<li>FTC_TurretBunker</li>
		</researchPrerequisites>
		<comps>
			<!-- <li><compClass>WeaponUtility.CompTurretFixForVerb</compClass></li> -->
			<li Class="CompProperties_Refuelable">
				<fuelLabel>Shots until barrel change</fuelLabel>
				<fuelGizmoLabel>Barrel durability</fuelGizmoLabel>
				<outOfFuelMessage>Cannot shoot: Needs new reinforced barrel</outOfFuelMessage>
				<fuelFilter><thingDefs><li>ReinforcedBarrel</li></thingDefs></fuelFilter>
				<fuelIsMortarBarrel>true</fuelIsMortarBarrel>
				<fuelCapacity>120</fuelCapacity>
				<fuelMultiplier>40</fuelMultiplier>
				<initialFuelPercent>1</initialFuelPercent>
				<showFuelGizmo>true</showFuelGizmo>
				<minimumFueledThreshold>1</minimumFueledThreshold>
				<consumeFuelOnlyWhenUsed>true</consumeFuelOnlyWhenUsed>
				<initialAllowAutoRefuel>true</initialAllowAutoRefuel>
				<autoRefuelPercent>0</autoRefuelPercent>
				<fuelIconPath>Things/Item/Resource/ReinforcedBarrel/ReinforcedBarrel</fuelIconPath>
			</li>
		</comps>
  	</ThingDef>

	<ThingDef ParentName="BaseWeaponTurret">
		<defName>FTC_TurretMediumTank</defName>
		<label>anti tank cannon turret</label>
		<description>an anti tank cannon mounted on an armoured turret.</description>
		<graphicData>
			<texPath>Things/TurretBunker_AntiTankTurret</texPath>
			<graphicClass>Graphic_Single</graphicClass>
		</graphicData>
		<statBases>
			<AccuracyTouch>0.9</AccuracyTouch>
			<AccuracyShort>1.00</AccuracyShort>
			<AccuracyMedium>1.00</AccuracyMedium>
			<AccuracyLong>0.99</AccuracyLong>
			<RangedWeapon_Cooldown>6.0</RangedWeapon_Cooldown>
		</statBases>
		<comps>
			<!-- <li Class="WeaponUtility.CompProperties_SecondaryVerb">
				<verbProps>
					<verbClass>Verb_Shoot</verbClass>
					<hasStandardCommand>true</hasStandardCommand>
					<defaultProjectile>Bullet_MiniTurret</defaultProjectile>
					<warmupTime>0</warmupTime>
					<range>30.9</range>
					<minRange>1.9</minRange>
					<ticksBetweenBurstShots>5</ticksBetweenBurstShots>
					<burstShotCount>5</burstShotCount>
					<soundCast>GunShotA</soundCast>
					<soundCastTail>GunTail_Light</soundCastTail>
					<muzzleFlashScale>9</muzzleFlashScale>
					<consumeFuelPerShot>0.2</consumeFuelPerShot>
				</verbProps>
				<mainWeaponLabel>use main gun</mainWeaponLabel>
				<mainCommandIcon>Things/MainGun_icon</mainCommandIcon>
				<secondaryWeaponLabel>use coaxial machinegun</secondaryWeaponLabel>
				<secondaryCommandIcon>Things/Coaxial_icon</secondaryCommandIcon>
				<description>switch between main gun and coaxial machinegun</description>
			</li> -->
		</comps>
		<verbs>
			<li>
				<verbClass>Verb_Shoot</verbClass>
				<defaultProjectile>FT_Bullet_ATShell</defaultProjectile>
				<requireLineOfSight>true</requireLineOfSight>
				<isMortar>false</isMortar>
				<warmupTime>1.75</warmupTime>
				<minRange>2.9</minRange>
				<range>50</range>
				<burstShotCount>1</burstShotCount>
				<soundCast>FT_CannonLaunchA</soundCast>
				<soundCastTail>GunTail_Heavy</soundCastTail>
				<muzzleFlashScale>25</muzzleFlashScale>
				<consumeFuelPerShot>1</consumeFuelPerShot>
				<targetParams>
					<canTargetLocations>true</canTargetLocations>
				</targetParams>
			</li>
		</verbs>
	</ThingDef>
	
	 
</Defs>	