<?xml version="1.0" encoding="utf-8" ?>

<Defs>

  <!-- Decoration base -->
  <ThingDef Abstract="True" ParentName="FurnitureBase" Name="FTC_DecorationBase">
    <description>placeholders.</description>
    <thingClass>Building</thingClass>
    <altitudeLayer>Building</altitudeLayer>
    <passability>PassThroughOnly</passability>
    <castEdgeShadows>true</castEdgeShadows>
    <pathCost>42</pathCost>
    <canOverlapZones>false</canOverlapZones>
    <staticSunShadowHeight>0.40</staticSunShadowHeight>
  </ThingDef>
  <!-- SandBag -->
  <ThingDef ParentName="FTC_DecorationBase">
    <defName>FTC_SandBag1x2c</defName>
    <label>stack sandbag (1x2)</label>
    <description>A stockpile of sandbags, can provide a tough cover or be used as decoration in the colony.</description>
    <surfaceType>Item</surfaceType>
    <graphicData>
      <texPath>Things/StackSandbag/1x2c</texPath>
      <drawSize>2.25</drawSize>
      <graphicClass>Graphic_Multi</graphicClass>
      <shadowData>
        <volume>(1, 0.6, 1)</volume>
      </shadowData>
    </graphicData>
    <size>(2,1)</size>
    <statBases>
      <MaxHitPoints>600</MaxHitPoints>
      <WorkToBuild>720</WorkToBuild>
      <Mass>40</Mass>
      <Flammability>0</Flammability>
      <Beauty>1</Beauty>
    </statBases>
    <stuffCategories>
      <li>Fabric</li>
      <li>Leathery</li>
    </stuffCategories>
    <pathCost>84</pathCost>
    <defaultPlacingRot>South</defaultPlacingRot>
    <costStuffCount>20</costStuffCount>
    <fillPercent>0.65</fillPercent>
    <researchPrerequisites>
      <li>Electricity</li>
    </researchPrerequisites>
    <staticSunShadowHeight>0</staticSunShadowHeight>
    <castEdgeShadows>true</castEdgeShadows>
    <colorPerStuff>
      <li>
        <stuff>Cloth</stuff>
        <color>(139,122,87)</color>
      </li>
    </colorPerStuff>
    <filthLeaving>SandbagRubble</filthLeaving>
    <rotatable>true</rotatable>
    <selectable>true</selectable>
    <neverMultiSelect>true</neverMultiSelect>
    <terrainAffordanceNeeded>Light</terrainAffordanceNeeded>
    <designationCategory>Security</designationCategory>
    <repairEffect>ConstructDirt</repairEffect>
  </ThingDef>
    <ThingDef ParentName="FTC_DecorationBase">
    <defName>FTC_SandBag2x2c</defName>
    <label>stack sandbag (2x2)</label>
    <description>A stockpile of sandbags, can provide a tough cover or be used as decoration in the colony.</description>
    <surfaceType>Item</surfaceType>
    <graphicData>
      <texPath>Things/StackSandbag/2x2c</texPath>
      <drawSize>3.25</drawSize>
      <graphicClass>Graphic_Multi</graphicClass>
      <shadowData>
        <volume>(1, 0.6, 1)</volume>
      </shadowData>
    </graphicData>
    <size>(2,2)</size>
    <statBases>
      <MaxHitPoints>1200</MaxHitPoints>
      <WorkToBuild>1000</WorkToBuild>
      <Mass>80</Mass>
      <Flammability>0</Flammability>
      <Beauty>1</Beauty>
    </statBases>
    <stuffCategories>
      <li>Fabric</li>
      <li>Leathery</li>
    </stuffCategories>
    <pathCost>84</pathCost>
    <defaultPlacingRot>South</defaultPlacingRot>
    <costStuffCount>40</costStuffCount>
    <fillPercent>0.65</fillPercent>
    <researchPrerequisites>
      <li>Electricity</li>
    </researchPrerequisites>
    <staticSunShadowHeight>0</staticSunShadowHeight>
    <castEdgeShadows>true</castEdgeShadows>
    <colorPerStuff>
      <li>
        <stuff>Cloth</stuff>
        <color>(139,122,87)</color>
      </li>
    </colorPerStuff>
    <filthLeaving>SandbagRubble</filthLeaving>
    <rotatable>false</rotatable>
    <selectable>true</selectable>
    <neverMultiSelect>true</neverMultiSelect>
    <terrainAffordanceNeeded>Light</terrainAffordanceNeeded>
    <designationCategory>Security</designationCategory>
    <repairEffect>ConstructDirt</repairEffect>
  </ThingDef>

  <ThingDef ParentName="PowerConduit">
    <defName>FTC_PowerConduit</defName>
    <label>facility conduit</label>
    <description>A bundle of electrical cables for moving power around inside fortifications. it's tough and lay beneath the floor so it also looks fine to people.</description>
    <graphicData>
      <texPath>Things/CitadelCable</texPath>
    </graphicData>
    <uiIconPath>Things/CitadelCable_icon</uiIconPath>
    <uiIconScale>0.7</uiIconScale>
    <building>
      <blueprintGraphicData>
        <texPath>Things/Building/Linked/PowerConduit_Blueprint_Atlas</texPath>
      </blueprintGraphicData>
    </building>
    <statBases>
      <MaxHitPoints>120</MaxHitPoints>
      <WorkToBuild>70</WorkToBuild>
      <Flammability>0</Flammability>
      <Beauty>0</Beauty>
    </statBases>
    <costList>
      <Steel>1</Steel>
      <FT_BlocksConcrete>1</FT_BlocksConcrete>
    </costList>
    <placeWorkers>
      <li>PlaceWorker_Conduit</li>
    </placeWorkers>
    <researchPrerequisites>
      <li>FTC_PermanentStructure</li>
    </researchPrerequisites>
  </ThingDef>

  <ThingDef ParentName="BuildingBase">
    <defName>FTC_FloorDeco</defName>
    <label>mosaic tiles</label>
    <description>A staggered decorative floor tiles that can make the people living in the bunker feel a little more beautiful.</description>
    <thingClass>Building</thingClass>
    <category>Building</category>
    <graphicData>
      <texPath>Things/CitadelPattern</texPath>
      <graphicClass>Graphic_Single</graphicClass>
      <linkType>Basic</linkType>
      <linkFlags>
        <li>Custom10</li>
      </linkFlags>
      <damageData>
        <rect>(0,0.35,1,0.3)</rect>
      </damageData>
    </graphicData>
    <uiIconPath>Things/Building/Linked/PowerConduit_MenuIcon</uiIconPath>
    <uiIconScale>0.7</uiIconScale>
    <building>
      <ai_chillDestination>false</ai_chillDestination>
      <isInert>true</isInert>
      <isEdifice>false</isEdifice>
    </building>
    <drawerType>MapMeshOnly</drawerType>
    <altitudeLayer>Floor</altitudeLayer>
    <passability>Standable</passability>
    <leaveResourcesWhenKilled>false</leaveResourcesWhenKilled>
    <resourcesFractionWhenDeconstructed>0</resourcesFractionWhenDeconstructed>
    <useHitPoints>false</useHitPoints>
    <statBases>
      <WorkToBuild>100</WorkToBuild>
      <Flammability>0</Flammability>
      <Beauty>1</Beauty>
    </statBases>
    <placingDraggableDimensions>2</placingDraggableDimensions>
		<stuffCategories>
		  <li>Stony</li>
		</stuffCategories>
		<costStuffCount>10</costStuffCount>
		<comps>
			<li Class="CompProperties_MeditationFocus">
				<statDef>MeditationFocusStrength</statDef>
				<focusTypes>
				  <li>Minimal</li>
				</focusTypes>
			</li>
		</comps>
    <rotatable>false</rotatable>
    <selectable>false</selectable>
    <neverMultiSelect>true</neverMultiSelect>
    <soundImpactDefault>BulletImpact_Metal</soundImpactDefault>
    <terrainAffordanceNeeded>Light</terrainAffordanceNeeded>
    <designationCategory>Misc</designationCategory>
    <clearBuildingArea>false</clearBuildingArea>
    <researchPrerequisites>
      <li>FTC_PermanentStructure</li>
    </researchPrerequisites>
  </ThingDef>


</Defs>	