<?xml version="1.0" encoding="utf-8" ?>

<Defs>

    <!-- 碉堡類，進入後可控制指令，耗電 -->
  <ThingDef ParentName="FTC_BasePermanentTurret" Name="FTC_BasePermanentBunker" Abstract="True">
    <stealable>false</stealable>
    <passability>Impassable</passability>
	<coversFloor>true</coversFloor>
    <blockWind>false</blockWind>
    <comps>
		<li Class="CompProperties_Power">
			<compClass>CompPowerTrader</compClass>
			<basePowerConsumption>200</basePowerConsumption>
			<transmitsPower>true</transmitsPower>
		</li>
		<li Class="CompProperties_Flickable"/>
		<li Class="FortificationFacility.CompProperties_ForceTargetable"/>    
    </comps>
  </ThingDef>

<!-- Twin MG Bunker -->
	<ThingDef ParentName="FTC_BasePermanentBunker">
		<defName>FTC_QuadMGBunker_Base</defName>
		<label>quad machinegun bunker</label>
		<description>a manned stationary machinegun bunker half buried beneath as a permanent fortification, Gunner can safely man the gun inside \n\n This is a permanent structure, site wisely.</description>
		<uiIconPath>Things/FortifiedBunker/QuadMGBunker_north</uiIconPath>
		<uiIconScale>1</uiIconScale>
		<altitudeLayer>FloorEmplacement</altitudeLayer>
    	<passability>PassThroughOnly</passability>
		<graphicData>
			<texPath>Things/FortifiedBunker/QuadMGBunker</texPath>
			<graphicClass>Graphic_Multi</graphicClass>
			<drawSize>4</drawSize>
			<drawOffset>(0,0,0)</drawOffset>
			<color>(160,160,160)</color>
			<damageData>
				<rect>(0.3,0.3,0.3,0.3)</rect>
			</damageData>
		</graphicData>
		<size>(3,3)</size>
		<rotatable>true</rotatable>
		<coversFloor>false</coversFloor>
		<statBases>
			<MaxHitPoints>750</MaxHitPoints>
			<WorkToBuild>2000</WorkToBuild>
			<Beauty>-5</Beauty>
			<ShootingAccuracyTurret>0.85</ShootingAccuracyTurret>
		</statBases>
		<costList>
			<Steel>150</Steel>
			<ComponentIndustrial>3</ComponentIndustrial>
   		  	<FT_ConcreteCompressed>4</FT_ConcreteCompressed>
		</costList>
		<building>
			<ai_combatDangerous>true</ai_combatDangerous>
			<turretGunDef>FT_Bunker_MG</turretGunDef>	 
			<turretBurstWarmupTime>0.25</turretBurstWarmupTime>   <!--================冷卻與瞄準時間 ================-->
			<turretBurstCooldownTime>1.25</turretBurstCooldownTime>			
		</building>
		<researchPrerequisites>
			<li>FTC_TurretBunker</li>
		</researchPrerequisites>
		<comps>
			<li Class="CompProperties_Refuelable">
				<fuelLabel>Shots until ammo exhaust</fuelLabel>
				<fuelGizmoLabel>Ammunition</fuelGizmoLabel>
				<outOfFuelMessage>Cannot shoot: Needs ammo</outOfFuelMessage>
				<fuelFilter><thingDefs><li>Steel</li></thingDefs></fuelFilter>
				<fuelCapacity>1200</fuelCapacity>       <!-- 30 bursts -->
				<fuelMultiplier>6</fuelMultiplier> <!-- 1.333 steel per burst, 80 per full rearm -->
				<initialFuelPercent>1</initialFuelPercent>
				<autoRefuelPercent>0.5</autoRefuelPercent>
				<showFuelGizmo>true</showFuelGizmo>
				<minimumFueledThreshold>1</minimumFueledThreshold>
				<factorByDifficulty>true</factorByDifficulty>
				<consumeFuelOnlyWhenUsed>true</consumeFuelOnlyWhenUsed>
				<fuelIconPath>UI/Overlays/Barrel</fuelIconPath>
      		</li>
		</comps>
  	</ThingDef>
 	<ThingDef ParentName="BaseWeaponTurret">
		<defName>FT_Bunker_MG</defName>
		<label>quad machine gun</label>
		<description>four machinegun mounted inside bunker.</description>
		<graphicData>
		<texPath>None</texPath>
		<graphicClass>Graphic_Single</graphicClass>
		</graphicData>
		<statBases>
		<AccuracyTouch>0.80</AccuracyTouch>
		<AccuracyShort>0.84</AccuracyShort>
		<AccuracyMedium>0.81</AccuracyMedium>
		<AccuracyLong>0.72</AccuracyLong>
		<RangedWeapon_Cooldown>4.5</RangedWeapon_Cooldown>
		<DeteriorationRate>0</DeteriorationRate>
		<Mass>5</Mass>
		<Flammability>0</Flammability>
		</statBases>
		<verbs>
			<li>
				<verbClass>Verb_Shoot</verbClass>
				<defaultProjectile>Bullet_MiniTurret</defaultProjectile>
				<warmupTime>0</warmupTime>
				<range>31.9</range>
				<minRange>2.9</minRange>
				<ticksBetweenBurstShots>4</ticksBetweenBurstShots>
				<burstShotCount>12</burstShotCount>
				<soundCast>GunShotA</soundCast>
				<soundCastTail>GunTail_Light</soundCastTail>
				<muzzleFlashScale>9</muzzleFlashScale>
				<consumeFuelPerShot>0.5</consumeFuelPerShot>
				<targetParams>
					<canTargetLocations>true</canTargetLocations>
					<mapObjectTargetsMustBeAutoAttackable>true</mapObjectTargetsMustBeAutoAttackable>
				</targetParams>
				<hasStandardCommand>true</hasStandardCommand>
				<targetable>true</targetable>
			</li>
		</verbs>
	</ThingDef>

<!-- Batterey Bunker -->
<!-- 原版打大口徑砲彈,CE打155 -->
	<ThingDef ParentName="FTC_BasePermanentBunker">
		<defName>FTC_CoastalGun_Base</defName>
		<label>戰防砲碉堡</label>
		<description>安裝在大型混凝土碉堡上的重型砲塔，能夠有效的摧毀射程內的敵人 n\n 作為一種碉堡工事，砲手可以在內部操作武器直到工事被摧毀，並且工事中的砲手能接收直接命令。\n\n This is a permanent structure, site wisely.</description>
		<uiIconPath>Things/CoastalArtillery/ArtilleryBunker_icon</uiIconPath>
		<uiIconScale>1</uiIconScale>
		<altitudeLayer>Building</altitudeLayer>
    	<passability>Impassable</passability>
		<graphicData>
			<texPath>Things/CoastalArtillery/ArtilleryBunker</texPath>
			<graphicClass>Graphic_Multi</graphicClass>
			<drawSize>6</drawSize>
			<drawOffset>(0,0,-0.15)</drawOffset>
			<color>(160,160,160)</color>
			<damageData>
				<rect>(0.3,0.3,0.3,0.3)</rect>
			</damageData>
		</graphicData>
		<interactionCellOffset>(0,0,-3)</interactionCellOffset>
		<size>(5,5)</size>
		<rotatable>true</rotatable>
		<coversFloor>false</coversFloor>
		<statBases>
			<MaxHitPoints>2000</MaxHitPoints>
			<WorkToBuild>2000</WorkToBuild>
			<Beauty>-5</Beauty>
			<ShootingAccuracyTurret>0.85</ShootingAccuracyTurret>
		</statBases>
		<costList>
			<Steel>700</Steel>
			<ComponentIndustrial>10</ComponentIndustrial>
   		  	<FT_ConcreteCompressed>12</FT_ConcreteCompressed>
		</costList>
		<building>
			<ai_combatDangerous>true</ai_combatDangerous>
			<turretGunDef>FT_Bunker_ArtilleryTurret</turretGunDef>	 
			<turretTopDrawSize>6</turretTopDrawSize>
			<turretBurstWarmupTime>2.5</turretBurstWarmupTime>   <!--================冷卻與瞄準時間 ================-->
			<turretBurstCooldownTime>7.5</turretBurstCooldownTime>			
		</building>
		<researchPrerequisites>
			<li>FTC_TurretBunker</li>
		</researchPrerequisites>
		<comps>			
			<li Class="CompProperties_Refuelable">
				<fuelLabel>Shots until barrel change</fuelLabel>
				<fuelGizmoLabel>Barrel durability</fuelGizmoLabel>
				<outOfFuelMessage>Cannot shoot: Needs new reinforced barrel</outOfFuelMessage>
				<fuelFilter><thingDefs><li>ReinforcedBarrel</li></thingDefs></fuelFilter>
				<fuelCapacity>300</fuelCapacity>       <!-- 30 bursts -->
				<fuelMultiplier>15</fuelMultiplier> <!-- 1/15 barrel per burst, 20 to full rearm -->
				<initialFuelPercent>1</initialFuelPercent>
				<autoRefuelPercent>0.5</autoRefuelPercent>
				<showFuelGizmo>true</showFuelGizmo>
				<minimumFueledThreshold>1</minimumFueledThreshold>
				<factorByDifficulty>true</factorByDifficulty>
				<consumeFuelOnlyWhenUsed>true</consumeFuelOnlyWhenUsed>
				<fuelIconPath>UI/Overlays/Barrel</fuelIconPath>
      		</li>
			<!-- <li MayRequire="VanillaExpanded.VFESecurity" Class="VFESecurity.CompProperties_LongRangeArtillery">
				<worldTileRange>45</worldTileRange>
				<maxForcedMissRadiusFactor>2.5</maxForcedMissRadiusFactor>
				<gizmoIconTexPath>Things/Building/Artillery/TurretArtillery_Top</gizmoIconTexPath>
			</li> -->
		</comps>
  	</ThingDef>
 	<ThingDef ParentName="BaseWeaponTurret">
		<defName>FT_Bunker_ArtilleryTurret</defName>
		<label>coastal artillery</label>
		<description>a navy gun turret, two operater is required to man this gun.</description>
		<graphicData>
		<texPath>Things/CoastalArtillery/ArtilleryBunker_gun</texPath>
		<graphicClass>Graphic_Single</graphicClass>
		</graphicData>
		<statBases>
			<AccuracyTouch>0.99</AccuracyTouch>
			<AccuracyShort>0.99</AccuracyShort>
			<AccuracyMedium>0.99</AccuracyMedium>
			<AccuracyLong>0.99</AccuracyLong>
			<RangedWeapon_Cooldown>4.5</RangedWeapon_Cooldown>
		</statBases>
		<verbs>
			<li>
				<verbClass>Verb_Shoot</verbClass>
				<defaultProjectile>FT_Bullet_BatteryShell</defaultProjectile>
				<warmupTime>2</warmupTime>
				<range>500.0</range>
				<minRange>11.9</minRange>
				<forcedMissRadius>1</forcedMissRadius>
				<ticksBetweenBurstShots>4</ticksBetweenBurstShots>
				<burstShotCount>1</burstShotCount>
				<soundCast>GunShotA</soundCast>
				<soundCastTail>GunTail_Heavy</soundCastTail>
				<muzzleFlashScale>9</muzzleFlashScale>
				<consumeFuelPerShot>10</consumeFuelPerShot>
				<targetParams>
					<canTargetLocations>true</canTargetLocations>
				</targetParams>
				<hasStandardCommand>true</hasStandardCommand>
				<targetable>true</targetable>
			</li>
		</verbs>
	</ThingDef>
	<ThingDef ParentName="BaseBullet">
		<defName>FT_Bullet_BatteryShell</defName>
		<label>heavy explosive shell</label>
		<thingClass>Fortification.Projectile_ExplosiveByComps</thingClass>
		<graphicData>
		<texPath>Things/FTC_Shell_HE</texPath>
		<graphicClass>Graphic_Single</graphicClass>
		<shaderType>TransparentPostLight</shaderType>
		</graphicData>
		<comps>
			<li Class="Fortification.CompProperties_CompositeExplosion">
				<compositeExplosions>
					<li>
					<!--核爆心-->
					<countdown>1</countdown>
					<radius>3.9</radius>
					<damamgeDef>Bomb</damamgeDef>
					<amount>200</amount>
					<armorPenetration>1.2</armorPenetration>
					<explosionSound>MortarBomb_Explode</explosionSound>
					</li>
				</compositeExplosions>
			</li>
		</comps>
		<projectile>
		<damageDef>Stun</damageDef>
		<speed>80</speed>
		<damageAmountBase>40</damageAmountBase>
		<explosionRadius>8.9</explosionRadius>
		<explosionDelay>2</explosionDelay>
		<explosionEffect>ExtinguisherExplosion</explosionEffect>
		<flyOverhead>true</flyOverhead>
		<soundHitThickRoof>Artillery_HitThickRoof</soundHitThickRoof>
		<soundExplode>Explosion_GiantBomb</soundExplode>
		<soundImpactAnticipate>MortarRound_PreImpact</soundImpactAnticipate>
		<soundAmbient>MortarRound_Ambient</soundAmbient>
		</projectile>
  	</ThingDef>

</Defs>	