﻿<?xml version="1.0" encoding="utf-8" ?>
<Defs>

  <ResearchProjectDef>
    <defName>FTC_Decoy</defName>
    <label>Data:Strategic deception</label>
    <description>[Data decryption completed] \n To protect those settlements that really matter to us, we need a stronghold, a fortified citadel that took everyone's attention.\n\n whatever, a place... that no one could ignore___Interstellar Industries Complex Nara</description>
    <baseCost>2000</baseCost>
    <techLevel>Industrial</techLevel>
    <prerequisites>
      <li>FT_ENIAC</li>
    </prerequisites>
	<researchViewX>10.00</researchViewX>
	<researchViewY>1.50</researchViewY>
    <requiredResearchFacilities>
      <li>FT_ENIAC</li>
    </requiredResearchFacilities>
  </ResearchProjectDef>

  <ResearchProjectDef>
    <defName>FTC_PermanentStructure</defName>
    <label>Permanent structures</label>
    <description>Unlock the construction of Permanent structures, these concrete structures were designed to be a non-deconstructible buildings. \n\n Even if war disappears from this world,they will remain there, as a silenced concreted stele, for future generations to witness the war of the past.</description>
    <baseCost>1500</baseCost>
    <techLevel>Industrial</techLevel>
    <prerequisites>
      <li>FT_Concrete</li>
    </prerequisites>
	<researchViewX>6.00</researchViewX>
	<researchViewY>4.15</researchViewY>
  </ResearchProjectDef>
  
  <ResearchProjectDef>
    <defName>FTC_PermanentBunker</defName>
    <label>Permanent fortifications</label>
    <description>Unlock the construction of Permanent fortifications, these concrete facilities were designed to be a non-deconstructible weapon platform. \n\n Even if war disappears from this world, they will remain there disarmed, as a silenced remain, for future generations to witness the war of the past.</description>
    <baseCost>1500</baseCost>
    <techLevel>Industrial</techLevel>
    <prerequisites>
      <li>GunTurrets</li>
      <li>FTC_PermanentStructure</li>
    </prerequisites>
	<researchViewX>10.00</researchViewX>
	<researchViewY>3.35</researchViewY>
  </ResearchProjectDef>
  
  <ResearchProjectDef>
    <defName>FTC_TurretBunker</defName>
    <label>Tank Bunker</label>
    <description>The installation of a tank turret in a semi-buried concrete structure can provide strong firepower and a safe shooting environment, but it can only execute simple orders because it cannot receive communications.</description>
    <baseCost>750</baseCost>
    <techLevel>Industrial</techLevel>
    <prerequisites>
      <li>FT_IndustrialCannon</li>
      <li>FTC_PermanentStructure</li>
    </prerequisites>
	<researchViewX>10.00</researchViewX>
	<researchViewY>4.05</researchViewY>
  </ResearchProjectDef>

</Defs>
