<?xml version="1.0" encoding="utf-8" ?>
<Defs>

<KCSG.StructureLayoutDef>
  <defName>FTC_CitadelBunkerStart</defName>
  <layouts>
    <li>
      <li>.,.,.,.,.,.,.,.,.,.,.,.,.,.,.,.,.,.,.,.,.,.,.,.,.,.,.,.,.,.,.,.,.,.,.,.,.,.,.,.</li>
      <li>.,.,.,.,.,.,.,.,.,.,.,.,.,.,.,.,.,.,.,.,.,.,.,.,.,.,.,.,.,.,.,.,.,.,.,.,.,.,.,.</li>
      <li>.,.,.,.,.,.,.,.,.,.,.,.,.,.,.,.,.,.,.,.,.,.,.,.,.,.,.,.,.,.,.,.,.,.,.,.,.,.,.,.</li>
      <li>.,.,.,.,.,.,.,.,.,.,.,.,.,.,.,.,.,.,.,.,.,.,.,.,.,.,.,.,.,.,.,.,.,.,.,.,.,.,.,.</li>
      <li>.,.,.,.,.,.,.,.,.,.,.,.,.,.,.,.,.,.,.,.,.,.,.,.,.,.,.,.,.,.,.,.,.,.,.,.,.,.,.,.</li>
      <li>.,.,.,.,.,.,.,.,.,.,.,.,.,.,.,.,.,.,.,.,.,.,.,.,.,.,.,.,.,.,.,.,.,.,.,.,.,.,.,.</li>
      <li>.,.,.,.,.,.,.,.,.,.,.,.,.,.,.,.,.,.,.,.,.,.,.,.,.,.,.,.,.,.,.,.,.,.,.,.,.,.,.,.</li>
      <li>.,.,.,.,.,.,.,.,.,.,.,.,.,.,.,.,.,.,.,.,.,.,.,.,.,.,.,.,.,.,.,.,.,.,.,.,.,.,.,.</li>
      <li>.,.,.,.,.,.,.,.,.,.,.,.,.,.,.,.,.,.,.,.,.,.,.,.,.,.,.,.,.,.,.,.,.,.,.,.,.,.,.,.</li>
      <li>.,.,.,.,.,.,.,.,.,.,.,.,.,.,.,.,.,.,.,.,.,.,.,.,.,.,.,.,.,.,.,.,.,.,.,.,.,.,.,.</li>
      <li>.,.,.,.,.,.,.,.,.,.,.,.,.,.,.,.,.,.,.,.,.,.,.,.,.,.,.,.,.,.,.,.,.,.,.,.,.,.,.,.</li>
      <li>.,.,.,.,.,.,.,.,.,.,.,.,.,.,.,.,.,.,.,.,.,.,.,.,.,.,.,.,.,.,.,.,.,.,.,.,.,.,.,.</li>
      <li>.,.,.,.,.,.,.,.,.,.,.,.,.,.,.,.,.,.,.,.,.,.,.,.,.,.,.,.,.,.,.,.,.,.,.,.,.,.,.,.</li>
      <li>.,.,.,.,.,.,.,.,.,.,.,.,.,.,.,.,.,.,.,.,.,.,.,.,.,.,.,.,.,.,.,.,.,.,.,.,.,.,.,.</li>
      <li>.,.,.,.,.,.,.,.,.,.,.,.,.,.,.,.,.,.,.,.,.,.,.,.,.,.,.,.,.,.,.,.,.,.,.,.,.,.,.,.</li>
      <li>.,.,.,.,.,.,.,.,.,.,.,.,.,.,.,.,.,.,.,.,.,.,.,.,.,.,.,.,.,.,.,.,.,.,.,.,.,.,.,.</li>
      <li>.,.,.,.,.,.,.,.,.,.,.,.,.,.,.,.,.,.,.,.,.,.,.,.,.,.,.,.,.,.,.,.,.,.,.,.,.,.,.,.</li>
      <li>.,.,.,.,.,.,.,.,.,.,.,.,.,.,.,.,.,.,.,.,.,.,.,.,.,.,.,.,.,.,.,.,.,.,.,.,.,.,.,.</li>
      <li>.,.,.,.,.,.,.,.,.,.,.,.,.,.,.,.,.,.,.,.,.,.,.,.,.,.,.,.,.,.,.,.,.,.,.,.,.,.,.,.</li>
      <li>.,.,.,.,.,.,.,.,.,.,.,.,.,.,.,.,.,.,.,.,.,.,.,.,.,.,.,.,.,.,.,.,.,.,.,.,.,.,.,.</li>
      <li>.,.,.,.,.,.,.,.,.,.,.,.,.,.,.,.,.,.,.,.,.,.,.,.,.,.,.,.,.,.,.,.,.,.,.,.,.,.,.,.</li>
      <li>.,.,.,.,.,.,.,.,.,.,.,.,.,.,.,.,.,.,.,.,.,.,.,.,.,.,.,.,.,.,.,.,.,.,.,.,.,.,.,.</li>
      <li>.,.,.,.,.,.,.,MedicineIndustrial,MedicineIndustrial,.,.,.,.,.,.,.,.,.,.,.,.,.,.,.,.,.,.,.,.,.,.,.,.,.,.,.,.,.,.,.</li>
      <li>.,.,.,.,.,.,.,.,.,.,.,.,.,.,.,.,.,.,.,.,.,.,.,.,.,.,.,.,.,.,.,.,.,.,.,.,.,.,.,.</li>
      <li>.,.,.,.,.,Gun_BoltActionRifle,.,.,.,.,.,.,.,.,.,.,.,.,.,.,.,.,.,.,.,.,.,.,.,.,.,.,.,.,.,.,.,.,.,.</li>
      <li>.,.,.,.,.,.,.,.,.,.,.,.,.,.,.,.,.,.,.,.,.,.,.,.,.,.,.,.,.,.,.,.,.,.,.,.,.,.,.,.</li>
      <li>.,.,.,.,.,Gun_Revolver,.,.,.,.,.,.,.,.,.,.,.,.,.,.,.,.,.,.,.,.,.,.,.,.,.,.,.,.,.,.,.,.,.,.</li>
      <li>.,.,.,.,.,MeleeWeapon_Knife,.,.,.,.,.,.,.,.,.,.,.,.,Silver,FT_BlocksConcrete,Apparel_Pants,.,.,.,.,.,.,.,.,.,.,.,.,.,.,.,.,.,.,.</li>
      <li>.,.,.,.,.,.,.,.,.,.,.,.,.,.,.,.,WoodLog,Steel,Steel,Silver,Steel,.,.,.,.,.,.,.,.,.,.,.,.,.,.,.,.,.,.,.</li>
      <li>.,.,.,.,.,.,.,.,.,.,.,.,.,.,.,.,.,FT_BlocksConcrete,WoodLog,ComponentSpacer,.,.,.,.,.,.,.,.,.,.,.,.,.,.,.,.,.,.,.,.</li>
      <li>.,.,.,.,.,.,.,.,.,.,.,.,.,.,.,.,.,WoodLog,Steel,FT_ConcreteCompressed,Steel,.,.,.,.,.,.,.,.,.,.,.,.,.,.,.,.,.,.,.</li>
      <li>.,.,.,.,.,.,.,.,.,.,.,.,.,.,.,.,.,.,.,.,.,.,.,.,.,.,.,.,.,.,.,.,.,.,.,.,.,.,.,.</li>
      <li>.,.,.,.,.,.,.,.,.,.,.,.,.,.,.,.,.,.,.,.,.,.,.,.,.,.,.,.,.,.,.,.,.,.,.,.,.,.,.,.</li>
    </li>
    <li>
      <li>.,.,.,.,.,.,.,.,.,.,.,.,.,.,.,.,.,.,.,.,.,.,.,.,.,.,.,.,.,.,.,.,.,.,.,.,.,.,.,.</li>
      <li>.,.,.,.,.,.,.,.,.,.,.,.,.,.,.,.,.,.,.,.,.,.,.,.,.,.,.,.,.,.,.,.,.,.,.,.,.,.,.,.</li>
      <li>.,.,.,.,.,.,.,.,.,.,.,.,.,.,.,.,.,.,.,.,.,.,.,.,.,.,.,.,.,.,.,.,.,.,.,.,.,.,.,.</li>
      <li>.,.,.,.,.,.,.,.,.,.,.,.,.,.,.,.,.,.,.,.,.,.,.,.,.,.,.,.,.,.,.,.,.,.,.,.,.,.,.,.</li>
      <li>.,.,.,.,.,.,.,.,.,.,.,.,.,.,.,.,.,.,.,.,.,.,.,.,.,.,.,.,.,.,.,.,.,.,.,.,.,.,.,.</li>
      <li>.,.,.,.,.,.,.,.,.,.,.,.,.,.,.,.,.,.,.,.,.,.,.,.,.,.,.,.,.,.,.,.,.,.,.,.,.,.,.,.</li>
      <li>.,.,.,.,.,.,.,.,.,.,.,.,.,.,.,.,.,.,.,.,.,.,.,.,.,.,.,.,.,.,.,.,.,.,.,.,.,.,.,.</li>
      <li>.,.,.,.,.,.,.,.,.,.,.,.,.,.,.,.,.,.,.,.,.,.,.,.,.,.,.,.,.,.,.,.,.,.,.,.,.,.,.,.</li>
      <li>.,.,.,.,.,.,.,.,.,.,.,.,.,.,.,.,.,.,.,.,.,.,.,.,.,.,.,.,.,.,.,.,.,.,.,.,.,.,.,.</li>
      <li>.,.,.,FT_Concrete,FT_Concrete,.,.,.,.,.,.,.,.,.,.,.,.,.,.,.,.,.,FT_Concrete,FT_Concrete,FT_Concrete,FT_Concrete,FT_Concrete,FT_Concrete,FT_Concrete,.,.,.,.,.,.,.,.,.,.,.</li>
      <li>.,.,.,FT_Concrete,FT_Concrete,FT_Concrete,.,.,.,.,.,.,.,.,.,.,.,.,.,.,.,.,FT_Concrete,FT_Concrete,FT_Concrete,FT_Concrete,FT_Concrete,FT_Concrete,FT_Concrete,.,.,.,.,.,.,.,.,.,.,.</li>
      <li>.,.,.,FT_Concrete,FT_Concrete,FT_Concrete,FT_Concrete,.,.,.,.,.,.,.,.,.,.,.,.,.,.,.,FT_Concrete,FT_Concrete,FT_Concrete,FT_Concrete,FT_Concrete,FT_Concrete,FT_Concrete,.,.,.,.,.,.,.,.,.,.,.</li>
      <li>.,.,.,FT_Concrete,FT_Concrete,FT_Concrete,FT_Concrete,FT_Concrete,.,.,.,.,.,.,.,.,FT_Concrete,.,FT_Concrete,FT_Concrete,FT_Concrete,FT_Concrete,FT_Concrete,FT_Concrete,FT_Concrete,FT_Concrete,FT_Concrete,FT_Concrete,FT_Concrete,.,.,.,.,.,.,.,.,.,.,.</li>
      <li>.,.,.,FT_Concrete,FT_Concrete,FT_Concrete,FT_Concrete,FT_Concrete,.,.,.,.,.,.,.,.,.,FT_Concrete,FT_Concrete,FT_Concrete,.,FT_Concrete,FT_Concrete,FT_Concrete,FT_Concrete,FT_Concrete,FT_Concrete,FT_Concrete,FT_Concrete,.,.,.,.,.,.,.,.,.,.,.</li>
      <li>.,.,.,FT_Concrete,FT_Concrete,FT_Concrete,FT_Concrete,FT_Concrete,FT_Concrete,FT_Concrete,FT_Concrete,FT_Concrete,FT_Concrete,FT_Concrete,FT_Concrete,FT_Concrete,FT_Concrete,FT_Concrete,FT_Concrete,.,.,.,FT_Concrete,FT_Concrete,FT_Concrete,FT_Concrete,FT_Concrete,FT_Concrete,FT_Concrete,.,.,.,.,.,.,.,.,.,.,.</li>
      <li>.,.,FT_ConcreteTile,FT_ConcreteTile,FT_ConcreteTile,FT_ConcreteTile,FT_ConcreteTile,FT_ConcreteTile,FT_ConcreteTile,FT_ConcreteTile,FT_ConcreteTile,FT_ConcreteTile,FT_ConcreteTile,FT_Concrete,.,FT_Concrete,FT_Concrete,FT_Concrete,.,.,.,.,.,.,.,.,FT_Concrete,FT_Concrete,FT_Concrete,.,.,.,.,.,.,.,.,.,.,.</li>
      <li>.,.,FT_ConcreteTile,FT_ConcreteTile,FT_ConcreteTile,FT_ConcreteTile,FT_ConcreteTile,FT_ConcreteTile,FT_ConcreteTile,FT_ConcreteTile,FT_ConcreteTile,FT_ConcreteTile,FT_ConcreteTile,FT_Concrete,FT_Concrete,FT_Concrete,FT_Concrete,FT_Concrete,FT_Concrete,FT_Concrete,PavedTile,PavedTile,PavedTile,PavedTile,.,.,FT_Concrete,FT_Concrete,.,.,.,.,.,.,.,.,.,.,.,.</li>
      <li>.,.,FT_ConcreteTile,PavedTile,PavedTile,PavedTile,PavedTile,PavedTile,PavedTile,PavedTile,FT_ConcreteTile,FT_ConcreteTile,FT_ConcreteTile,FT_Concrete,FT_ConcreteTile,PavedTile,PavedTile,PavedTile,PavedTile,FT_Concrete,PavedTile,FT_ConcreteTile,FT_ConcreteTile,PavedTile,.,.,FT_Concrete,FT_Concrete,.,.,.,.,.,.,.,.,.,.,.,.</li>
      <li>.,.,FT_ConcreteTile,FT_ConcreteTile,FT_ConcreteTile,PavedTile,PavedTile,PavedTile,PavedTile,PavedTile,FT_ConcreteTile,FT_ConcreteTile,FT_ConcreteTile,FT_ConcreteTile,FT_ConcreteTile,FT_ConcreteTile,FT_ConcreteTile,FT_ConcreteTile,PavedTile,FT_Concrete,PavedTile,FT_ConcreteTile,FT_ConcreteTile,PavedTile,.,.,FT_Concrete,FT_Concrete,.,.,.,.,.,.,.,.,.,.,.,.</li>
      <li>.,.,FT_ConcreteTile,FT_ConcreteTile,FT_ConcreteTile,PavedTile,PavedTile,PavedTile,PavedTile,PavedTile,FT_ConcreteTile,FT_ConcreteTile,FT_ConcreteTile,FT_ConcreteTile,FT_ConcreteTile,FT_ConcreteTile,FT_ConcreteTile,FT_ConcreteTile,PavedTile,FT_Concrete,PavedTile,PavedTile,PavedTile,PavedTile,.,.,FT_Concrete,FT_Concrete,.,.,.,.,.,.,.,.,.,.,.,.</li>
      <li>.,.,FT_ConcreteTile,FT_ConcreteTile,FT_ConcreteTile,FT_ConcreteTile,FT_ConcreteTile,FT_ConcreteTile,FT_ConcreteTile,FT_ConcreteTile,FT_ConcreteTile,FT_ConcreteTile,FT_ConcreteTile,FT_ConcreteTile,FT_ConcreteTile,FT_ConcreteTile,FT_ConcreteTile,FT_ConcreteTile,PavedTile,FT_Concrete,.,.,.,.,.,.,FT_Concrete,FT_Concrete,.,.,.,.,.,.,.,.,.,.,.,.</li>
      <li>.,.,.,FT_ConcreteTile,FT_ConcreteTile,FT_ConcreteTile,FT_ConcreteTile,FT_ConcreteTile,FT_ConcreteTile,FT_ConcreteTile,FT_ConcreteTile,FT_ConcreteTile,FT_ConcreteTile,FT_ConcreteTile,FT_ConcreteTile,FT_ConcreteTile,FT_ConcreteTile,FT_ConcreteTile,PavedTile,FT_Concrete,.,.,.,.,.,.,FT_Concrete,FT_Concrete,.,.,.,.,.,.,.,.,.,.,.,.</li>
      <li>.,.,.,FT_ConcreteTile,FT_ConcreteTile,FT_ConcreteTile,FT_ConcreteTile,FT_ConcreteTile,FT_ConcreteTile,FT_ConcreteTile,FT_ConcreteTile,FT_ConcreteTile,FT_ConcreteTile,FT_ConcreteTile,FT_ConcreteTile,FT_ConcreteTile,FT_ConcreteTile,PavedTile,PavedTile,PavedTile,PavedTile,.,.,.,.,.,FT_Concrete,FT_Concrete,.,.,.,.,.,.,.,.,.,.,.,.</li>
      <li>.,.,.,FT_ConcreteTile,FT_ConcreteTile,FT_ConcreteTile,FT_ConcreteTile,FT_ConcreteTile,FT_ConcreteTile,FT_ConcreteTile,FT_ConcreteTile,FT_ConcreteTile,FT_ConcreteTile,FT_ConcreteTile,FT_ConcreteTile,FT_ConcreteTile,FT_ConcreteTile,PavedTile,FT_ConcreteTile,FT_ConcreteTile,PavedTile,.,.,.,.,.,FT_Concrete,FT_Concrete,.,.,.,.,.,.,.,.,.,.,.,.</li>
      <li>.,.,.,FT_ConcreteTile,FT_ConcreteTile,FT_ConcreteTile,FT_ConcreteTile,FT_ConcreteTile,FT_ConcreteTile,FT_ConcreteTile,FT_ConcreteTile,FT_ConcreteTile,FT_ConcreteTile,FT_ConcreteTile,FT_ConcreteTile,FT_ConcreteTile,FT_ConcreteTile,PavedTile,FT_ConcreteTile,FT_ConcreteTile,PavedTile,.,.,.,.,.,FT_Concrete,FT_Concrete,.,.,.,.,.,.,.,.,.,.,.,.</li>
      <li>.,.,.,FT_ConcreteTile,FT_ConcreteTile,FT_ConcreteTile,FT_ConcreteTile,FT_ConcreteTile,FT_ConcreteTile,FT_ConcreteTile,FT_ConcreteTile,FT_ConcreteTile,FT_ConcreteTile,FT_ConcreteTile,FT_ConcreteTile,FT_ConcreteTile,FT_ConcreteTile,PavedTile,PavedTile,PavedTile,PavedTile,.,.,.,.,.,FT_Concrete,FT_Concrete,.,.,.,.,.,.,.,.,.,.,.,.</li>
      <li>.,.,.,FT_ConcreteTile,FT_ConcreteTile,FT_ConcreteTile,FT_ConcreteTile,FT_ConcreteTile,FT_ConcreteTile,FT_ConcreteTile,FT_ConcreteTile,FT_ConcreteTile,FT_ConcreteTile,FT_ConcreteTile,FT_ConcreteTile,FT_ConcreteTile,FT_ConcreteTile,FT_ConcreteTile,FT_ConcreteTile,FT_ConcreteTile,FT_ConcreteTile,FT_ConcreteTile,.,.,.,.,FT_Concrete,FT_Concrete,.,.,.,.,.,.,.,.,.,.,.,.</li>
      <li>.,.,.,FT_ConcreteTile,FT_ConcreteTile,FT_ConcreteTile,FT_ConcreteTile,FT_ConcreteTile,FT_ConcreteTile,FT_ConcreteTile,FT_ConcreteTile,FT_ConcreteTile,FT_ConcreteTile,FT_ConcreteTile,FT_ConcreteTile,FT_ConcreteTile,FT_ConcreteTile,FT_ConcreteTile,FT_ConcreteTile,FT_ConcreteTile,FT_ConcreteTile,FT_ConcreteTile,.,.,.,.,FT_Concrete,FT_Concrete,.,.,.,.,.,.,.,.,.,.,.,.</li>
      <li>.,.,FT_ConcreteTile,FT_ConcreteTile,FT_ConcreteTile,FT_ConcreteTile,FT_ConcreteTile,FT_ConcreteTile,FT_ConcreteTile,FT_ConcreteTile,FT_ConcreteTile,FT_ConcreteTile,FT_ConcreteTile,FT_ConcreteTile,FT_ConcreteTile,FT_ConcreteTile,FT_ConcreteTile,FT_ConcreteTile,FT_ConcreteTile,FT_ConcreteTile,FT_ConcreteTile,FT_ConcreteTile,FT_Concrete,FT_Concrete,FT_Concrete,FT_Concrete,FT_Concrete,FT_Concrete,.,.,.,.,.,.,.,.,.,.,.,.</li>
      <li>.,.,FT_ConcreteTile,FT_ConcreteTile,FT_ConcreteTile,FT_ConcreteTile,FT_ConcreteTile,FT_ConcreteTile,FT_ConcreteTile,FT_ConcreteTile,FT_ConcreteTile,FT_ConcreteTile,FT_ConcreteTile,FT_ConcreteTile,FT_ConcreteTile,FT_ConcreteTile,FT_ConcreteTile,FT_ConcreteTile,FT_ConcreteTile,FT_ConcreteTile,FT_ConcreteTile,FT_ConcreteTile,FT_Concrete,FT_Concrete,FT_Concrete,FT_Concrete,FT_Concrete,FT_Concrete,.,.,.,.,.,.,.,.,.,.,.,.</li>
      <li>.,.,FT_ConcreteTile,FT_ConcreteTile,FT_ConcreteTile,FT_ConcreteTile,FT_ConcreteTile,FT_ConcreteTile,FT_ConcreteTile,FT_ConcreteTile,FT_ConcreteTile,FT_ConcreteTile,FT_ConcreteTile,FT_ConcreteTile,FT_ConcreteTile,FT_ConcreteTile,FT_ConcreteTile,FT_ConcreteTile,FT_ConcreteTile,FT_ConcreteTile,FT_ConcreteTile,FT_ConcreteTile,.,.,.,.,.,.,.,.,.,.,.,.,.,.,.,.,.,.</li>
      <li>.,.,FT_ConcreteTile,FT_ConcreteTile,FT_ConcreteTile,FT_ConcreteTile,.,.,.,.,.,.,.,.,.,FT_ConcreteTile,FT_ConcreteTile,FT_ConcreteTile,FT_ConcreteTile,FT_ConcreteTile,FT_ConcreteTile,FT_ConcreteTile,.,.,.,.,.,.,.,.,.,.,.,.,.,.,.,.,.,.</li>
      <li>.,.,.,.,.,.,.,.,.,.,.,.,.,.,.,.,.,.,.,.,.,.,.,.,.,.,.,.,.,.,.,.,.,.,.,.,.,.,.,.</li>
    </li>
    <li>
      <li>.,.,FT_TankTrap,.,.,.,.,Plant_TreeBirch,.,.,.,.,Plant_TreeBirch,.,Plant_Grass,.,Plant_Bush,.,Plant_Grass,.,.,.,.,.,.,Plant_Grass,.,.,.,.,.,.,.,.,.,Plant_Grass,Plant_Grass,.,Plant_Grass,.</li>
      <li>.,.,.,FT_TankTrap,.,.,.,.,.,.,.,.,.,.,.,.,.,.,.,.,.,.,.,Filth_RubbleRock,Filth_RubbleRock,Filth_RubbleRock,.,.,.,.,.,.,.,.,.,.,.,.,.,Plant_Moss</li>
      <li>.,.,FT_TankTrap,.,.,.,.,.,.,.,.,.,.,.,.,.,.,Plant_Grass,.,Plant_Grass,.,.,.,Filth_RubbleRock,.,.,Filth_RubbleRock,.,Plant_Moss,.,Plant_Grass,.,.,Plant_Dandelion,.,Plant_Grass,.,Plant_Grass,.,.</li>
      <li>.,.,.,FT_TankTrap,.,.,.,.,.,Plant_Grass,.,.,Plant_Grass,.,.,.,.,.,.,Plant_Moss,.,.,.,.,.,.,.,.,.,.,.,.,.,.,.,.,.,.,.,.</li>
      <li>.,.,FT_TankTrap,.,.,.,.,.,.,.,.,.,.,.,.,.,.,.,.,.,.,.,.,.,.,.,.,.,.,.,.,.,Plant_Grass,.,.,.,.,.,.,.</li>
      <li>.,.,.,FT_TankTrap,.,.,.,.,.,.,.,.,.,.,.,.,Plant_Grass,.,.,.,.,.,.,.,.,.,.,Plant_Grass,.,.,.,.,.,.,.,.,Plant_Bush,.,.,.</li>
      <li>.,.,FT_TankTrap,Plant_Moss,.,.,.,.,.,.,.,.,.,.,Plant_Astragalus,.,.,.,.,.,.,.,.,.,.,.,.,.,.,.,.,.,.,Plant_Grass,.,.,Plant_Moss,.,.,Plant_Grass</li>
      <li>.,.,.,FT_TankTrap,.,.,.,.,.,.,.,.,.,.,.,.,.,.,Plant_Moss,.,.,.,Plant_TreeBirch,.,.,.,.,.,.,.,.,Plant_Grass,.,.,.,.,.,.,.,.</li>
      <li>.,.,FT_TankTrap,.,Sandbags_Cloth,Sandbags_Cloth,Sandbags_Cloth,.,.,.,.,.,.,.,.,.,Plant_Grass,.,Plant_Grass,.,.,.,Sandbags_Cloth,Sandbags_Cloth,.,FTC_TurretTwinMG_Base_South,.,Sandbags_Cloth,Sandbags_Cloth,Sandbags_Cloth,.,.,.,Plant_Grass,.,.,.,Plant_Grass,.,.</li>
      <li>.,.,FTC_CitadelWall_FT_BlocksConcrete,FTC_CitadelWall_FT_BlocksConcrete,.,.,.,.,.,.,Plant_Grass,.,.,.,.,.,.,Plant_Astragalus,.,Sandbags_Cloth,Sandbags_Cloth,.,FT_Stony_Palisade_CornerEmbrasures_FT_BlocksConcrete,FT_Stony_Palisade_FT_BlocksConcrete,.,.,.,FT_Stony_Palisade_FT_BlocksConcrete,FT_Stony_Palisade_FT_BlocksConcrete,Sandbags_Cloth,.,.,.,.,.,.,.,.,Plant_Grass,.</li>
      <li>.,.,FTC_CitadelWall_FT_BlocksConcrete,FTC_CitadelWall_FT_BlocksConcrete,.,FTC_FieldKitchen_West,DiningChair_Steel_West,.,Plant_Moss,.,.,.,.,.,.,.,FT_Stony_Palisade_Corner_FT_BlocksConcrete,FT_Stony_Palisade_FT_BlocksConcrete,FT_Stony_Palisade_FT_BlocksConcrete,FT_Stony_Palisade_FT_BlocksConcrete,FT_Stony_Palisade_FT_BlocksConcrete,FT_Stony_Palisade_FT_BlocksConcrete,FT_Stony_Palisade_FT_BlocksConcrete,.,.,.,.,.,FT_Stony_Palisade_FT_BlocksConcrete,Sandbags_Cloth,.,Plant_Grass,.,.,.,.,.,Plant_Grass,.,Plant_Grass</li>
      <li>.,.,FTC_CitadelWall_FT_BlocksConcrete,FTC_CitadelWall_FT_BlocksConcrete,.,.,.,.,.,.,.,.,.,.,Plant_Grass,FT_Stony_Palisade_Corner_FT_BlocksConcrete,FT_Stony_Palisade_Corner_FT_BlocksConcrete,Plant_Grass,.,Plant_Moss,Filth_Blood,.,.,.,.,.,.,.,.,.,.,.,.,.,.,.,.,.,.,.</li>
      <li>.,.,FTC_CitadelWall_FT_BlocksConcrete,FTC_CitadelWall_FT_BlocksConcrete,.,FTC_SandBag1x2c_Cloth_South,.,.,FTC_SandBag1x2c_Cloth_South,.,ToolCabinet_East,.,.,.,FT_Stony_Palisade_Corner_FT_BlocksConcrete,FT_Stony_Palisade_Corner_FT_BlocksConcrete,.,Plant_Moss,.,.,.,.,.,.,.,.,.,.,.,FTC_TurretAutocannon_Base_East,.,.,.,.,.,Plant_Grass,.,.,.,.</li>
      <li>.,.,FTC_CitadelWall_FT_BlocksConcrete,FTC_CitadelWall_FT_BlocksConcrete,.,.,.,.,.,.,.,.,.,.,FT_Stony_Palisade_Corner_FT_BlocksConcrete,.,.,.,.,.,.,.,.,.,.,.,.,.,.,.,.,.,.,.,.,.,.,.,.,.</li>
      <li>.,.,FTC_CitadelWall_FT_BlocksConcrete,FTC_CitadelWall_FT_BlocksConcrete,.,FTC_SandBag1x2c_Cloth_South,.,.,FTC_SandBag1x2c_Cloth_South,.,ToolCabinet_North,.,.,.,.,.,.,.,.,.,.,.,.,.,.,.,.,.,FT_Stony_Palisade_FT_BlocksConcrete,Sandbags_Cloth,.,.,.,.,.,.,Plant_Grass,.,.,.</li>
      <li>.,Plant_Grass,FTC_CitadelWall_FT_BlocksConcrete,FTC_CitadelWall_FT_BlocksConcrete,FTC_CitadelWall_FT_BlocksConcrete,FTC_CitadelWall_FT_BlocksConcrete,FTC_CitadelWall_FT_BlocksConcrete,FTC_CitadelWall_FT_BlocksConcrete,FTC_CitadelWall_FT_BlocksConcrete,FTC_CitadelWall_FT_BlocksConcrete,FTC_CitadelWall_FT_BlocksConcrete,FTC_CitadelWall_FT_BlocksConcrete,FTC_CitadelWall_FT_BlocksConcrete,.,Plant_Grass,.,.,.,.,Plant_Grass,.,Plant_TreeBirch,.,.,.,.,.,FT_Stony_Palisade_FT_BlocksConcrete,FT_Stony_Palisade_CornerEmbrasures_FT_BlocksConcrete,.,.,.,.,Plant_Grass,.,.,Plant_Grass,.,.,.</li>
      <li>.,.,FTC_CitadelWall_FT_BlocksConcrete,FTC_CitadelWall_FT_BlocksConcrete,.,.,.,.,.,.,.,Battery_North,FTC_CitadelWall_FT_BlocksConcrete,.,.,.,.,.,.,.,HorseshoesPin_FT_BlocksConcrete,.,.,.,.,.,FTC_SandBag1x2c_Cloth_East,FT_Stony_Palisade_FT_BlocksConcrete,Sandbags_Cloth,.,.,.,.,.,.,.,.,.,Plant_Grass,.</li>
      <li>.,.,FTC_CitadelWall_FT_BlocksConcrete,FTC_CitadelWall_FT_BlocksConcrete,FTC_PowerConduit,FTC_PowerConduit,FTC_PowerConduit,FTC_PowerConduit,FTC_PowerConduit,FTC_PowerConduit,FTC_PowerConduit,.,FTC_CitadelWall_FT_BlocksConcrete,FTC_CitadelWall_FT_BlocksConcrete,Filth_Trash,FTC_CitadelWall_FT_BlocksConcrete,FTC_CitadelWall_FT_BlocksConcrete,FTC_CitadelWall_FT_BlocksConcrete,FTC_CitadelWall_FT_BlocksConcrete,.,Filth_Dirt,FT_AntennaTower,.,.,.,.,.,FT_Stony_Palisade_FT_BlocksConcrete,Plant_Grass,.,.,.,.,.,.,.,.,.,.,.</li>
      <li>.,.,FTC_CitadelWall_FT_BlocksConcrete,FTC_CitadelWall_FT_BlocksConcrete,.,.,.,.,.,.,.,Battery_North,FTC_CitadelWall_FT_BlocksConcrete,.,Filth_Blood,StandingLamp_Red,DiningChair_Steel_North,.,FTC_CitadelWall_FT_BlocksConcrete,FTC_PowerConduit,FTC_PowerConduit,.,.,.,.,.,.,FT_Stony_Palisade_FT_BlocksConcrete,.,.,.,.,.,.,.,Plant_Grass,Plant_Grass,.,.,.</li>
      <li>Plant_Grass,Plant_Grass,FTC_CitadelWall_FT_BlocksConcrete,FTC_CitadelWall_FT_BlocksConcrete,.,.,.,.,.,.,.,.,FTC_CitadelWall_FT_BlocksConcrete,FT_TableLathe_West,Filth_Blood,FT_transformer_West,FT_TableConcrete_North,.,FTC_CitadelWall_FT_BlocksConcrete,.,.,.,.,.,.,.,FTC_SandBag1x2c_Cloth_East,FT_Stony_Palisade_FT_BlocksConcrete,.,.,.,.,.,.,.,.,.,.,Plant_Grass,.</li>
      <li>Plant_Grass,FT_Sandbag_Cloth,FTC_CitadelWall_FT_BlocksConcrete,FTC_CitadelWall_FT_BlocksConcrete,FTC_CitadelWall_FT_BlocksConcrete,FTC_CitadelWall_FT_BlocksConcrete,FTC_CitadelWall_FT_BlocksConcrete,FTC_CitadelWall_FT_BlocksConcrete,FTC_CitadelWall_FT_BlocksConcrete,FTC_CitadelWall_FT_BlocksConcrete,Door_Steel,FTC_CitadelWall_FT_BlocksConcrete,FTC_CitadelWall_FT_BlocksConcrete,.,.,.,.,.,FTC_CitadelWall_FT_BlocksConcrete,Filth_Dirt,.,.,.,.,.,.,.,FT_Stony_Palisade_FT_BlocksConcrete,.,.,.,.,.,.,.,.,Plant_Grass,.,.,.</li>
      <li>.,.,.,FTC_CitadelWall_FT_BlocksConcrete,StandingLamp_Red,Filth_Trash,Filth_RubbleBuilding,Filth_Dirt,.,Filth_Dirt,.,StandingLamp_Red,Door_Steel,Filth_Blood,Filth_Blood,FT_transformer_West,FTC_CitadelWall_FT_BlocksConcrete,FTC_CitadelWall_FT_BlocksConcrete,FTC_CitadelWall_FT_BlocksConcrete,.,.,.,.,.,.,.,.,FT_Stony_Palisade_FT_BlocksConcrete,.,.,.,.,.,.,.,.,Plant_Grass,.,.,.</li>
      <li>.,FTC_TurretTwinMG_Base_West,.,FTC_CitadelWall_FT_BlocksConcrete,.,.,FTC_CitadelWall_FT_BlocksConcrete,.,Shelf_FT_BlocksConcrete_South,.,.,FTC_SandBag1x2c_Cloth_South,FTC_CitadelWall_FT_BlocksConcrete,Filth_Blood,Filth_Blood,.,FTC_CitadelWall_FT_BlocksConcrete,.,.,.,.,.,.,.,.,.,.,FT_Stony_Palisade_FT_BlocksConcrete,.,.,.,.,.,.,.,.,.,.,.,.</li>
      <li>.,.,.,FTC_CitadelWall_FT_BlocksConcrete,Door_Steel,FTC_CitadelWall_FT_BlocksConcrete,FTC_CitadelWall_FT_BlocksConcrete,FTC_CitadelWall_FT_BlocksConcrete,FTC_CitadelWall_FT_BlocksConcrete,Door_Steel,FTC_CitadelWall_FT_BlocksConcrete,FTC_CitadelWall_FT_BlocksConcrete,FTC_CitadelWall_FT_BlocksConcrete,Filth_Blood,DiningChair_Steel_East,FT_Radio_West,FTC_CitadelWall_FT_BlocksConcrete,.,PodLauncher_North,TransportPod,.,.,.,.,.,.,.,FT_Stony_Palisade_FT_BlocksConcrete,Plant_Bush,.,.,.,.,.,.,.,Filth_RubbleRock,.,Plant_Grass,.</li>
      <li>Plant_Grass,.,.,FTC_CitadelWall_FT_BlocksConcrete,.,Shelf_FT_BlocksConcrete_West,FTC_CitadelWall_FT_BlocksConcrete,Bed_Steel_East,.,FTC_FloorDeco_FT_BlocksConcrete,Dresser_FT_BlocksConcrete_North,.,FTC_CitadelWall_FT_BlocksConcrete,Filth_Dirt,Filth_Blood,Table1x2c_Steel_North,FTC_CitadelWall_FT_BlocksConcrete,.,.,.,.,.,.,.,.,.,.,FT_Stony_Palisade_FT_BlocksConcrete,.,.,.,.,.,Plant_Grass,.,.,.,Filth_RubbleRock,.,.</li>
      <li>FT_Sandbag_Cloth,.,.,Door_Steel,Filth_Dirt,.,FTC_CitadelWall_FT_BlocksConcrete,FTC_FloorDeco_FT_BlocksConcrete,Filth_Dirt,FTC_FloorDeco_FT_BlocksConcrete,FTC_FloorDeco_FT_BlocksConcrete,FTC_FloorDeco_FT_BlocksConcrete,FTC_CitadelWall_FT_BlocksConcrete,.,Filth_Blood,.,FTC_CitadelWall_FT_BlocksConcrete,.,.,.,.,.,.,.,.,.,.,FT_Stony_Palisade_FT_BlocksConcrete,.,.,.,.,.,.,.,Plant_Grass,.,Filth_RubbleRock,.,.</li>
      <li>FT_Sandbag_Cloth,.,.,FTC_CitadelWall_FT_BlocksConcrete,.,Shelf_FT_BlocksConcrete_West,FTC_CitadelWall_FT_BlocksConcrete,Bed_Steel_East,.,StandingLamp_Red,.,Bed_Steel_West,FTC_CitadelWall_FT_BlocksConcrete,FTC_CitadelWall_FT_BlocksConcrete,Door_Steel,FTC_CitadelWall_FT_BlocksConcrete,FTC_CitadelWall_FT_BlocksConcrete,FTC_CitadelWall_FT_BlocksConcrete,FTC_CitadelWall_FT_BlocksConcrete,FTC_CitadelWall_FT_BlocksConcrete,FTC_CitadelWall_FT_BlocksConcrete,FTC_CitadelWall_FT_BlocksConcrete,.,.,.,.,.,FT_Stony_Palisade_FT_BlocksConcrete,.,.,Plant_Grass,.,.,.,Plant_Grass,Filth_RubbleRock,.,Filth_RubbleRock,.,Plant_Moss</li>
      <li>FT_Sandbag_Cloth,.,.,FTC_CitadelWall_FT_BlocksConcrete,StandingLamp_Red,.,FTC_CitadelWall_FT_BlocksConcrete,FTC_CitadelWall_FT_BlocksConcrete,FTC_CitadelWall_FT_BlocksConcrete,FTC_CitadelWall_FT_BlocksConcrete,FTC_CitadelWall_FT_BlocksConcrete,FTC_CitadelWall_FT_BlocksConcrete,FTC_CitadelWall_FT_BlocksConcrete,Filth_RubbleBuilding,Filth_Dirt,FTC_CitadelWall_FT_BlocksConcrete,.,Table1x2c_Steel_West,DiningChair_Steel_West,.,StandingLamp_Red,FTC_CitadelWall_FT_BlocksConcrete,.,Grave_South,.,Grave_South,.,FT_Stony_Palisade_FT_BlocksConcrete,.,.,.,.,.,.,.,Filth_RubbleRock,.,.,Filth_RubbleRock,.</li>
      <li>FT_Sandbag_Cloth,FT_Sandbag_Cloth,FTC_CitadelWall_FT_BlocksConcrete,FTC_CitadelWall_FT_BlocksConcrete,.,FTC_CitadelWall_FT_BlocksConcrete,FTC_CitadelWall_FT_BlocksConcrete,FTC_PowerConduit,FTC_PowerConduit,FTC_PowerConduit,FTC_PowerConduit,FTC_PowerConduit,FTC_PowerConduit,.,Filth_Blood,Door_Steel,.,DiningChair_Steel_South,.,.,.,FTC_CitadelWall_FT_BlocksConcrete,.,.,.,.,.,FT_Stony_Palisade_FT_BlocksConcrete,Plant_HealrootWild,.,.,.,.,.,.,Filth_RubbleRock,Filth_RubbleRock,.,Filth_RubbleRock,.</li>
      <li>.,.,FTC_CitadelWall_FT_BlocksConcrete,.,Filth_Blood,.,.,.,.,.,Filth_Dirt,.,Filth_Dirt,.,StandingLamp_Red,FTC_CitadelWall_FT_BlocksConcrete,Table1x2c_Steel_North,DiningChair_Steel_West,.,.,TubeTelevision_West,FTC_CitadelWall_FT_BlocksConcrete,FTC_CitadelWall_FT_BlocksConcrete,FTC_CitadelWall_FT_BlocksConcrete,FTC_CitadelWall_FT_BlocksConcrete,FTC_CitadelWall_FT_BlocksConcrete,FTC_CitadelWall_FT_BlocksConcrete,FT_Stony_Palisade_FT_BlocksConcrete,Plant_Grass,FT_TankTrap,.,FT_TankTrap,.,FT_TankTrap,.,FT_TankTrap,.,FT_TankTrap,Filth_RubbleRock,FT_TankTrap</li>
      <li>.,FTC_SandBag1x2c_Cloth_East,FTC_CitadelWall_FT_BlocksConcrete,StandingLamp_Red,.,FTC_CitadelWall_FT_BlocksConcrete,FTC_CitadelWall_FT_BlocksConcrete,FTC_CitadelWall_FT_BlocksConcrete,FTC_CitadelWall_FT_BlocksConcrete,FTC_CitadelWall_FT_BlocksConcrete,Filth_Dirt,FTC_CitadelWall_FT_BlocksConcrete,FTC_CitadelWall_FT_BlocksConcrete,FTC_CitadelWall_FT_BlocksConcrete,FTC_CitadelWall_FT_BlocksConcrete,FTC_CitadelWall_FT_BlocksConcrete,.,DiningChair_Steel_West,.,.,.,FTC_CitadelWall_FT_BlocksConcrete,FTC_CitadelWall_FT_BlocksConcrete,FTC_CitadelWall_FT_BlocksConcrete,FTC_CitadelWall_FT_BlocksConcrete,FTC_CitadelWall_FT_BlocksConcrete,FTC_CitadelWall_FT_BlocksConcrete,.,FT_TankTrap,.,FT_TankTrap,.,FT_TankTrap,Plant_Moss,FT_TankTrap,.,FT_TankTrap,.,FT_TankTrap,.</li>
      <li>.,.,FTC_CitadelWall_FT_BlocksConcrete,FTC_CitadelWall_FT_BlocksConcrete,FTC_CitadelWall_FT_BlocksConcrete,FTC_CitadelWall_FT_BlocksConcrete,.,.,.,.,.,.,.,.,.,FTC_CitadelWall_FT_BlocksConcrete,FTC_CitadelWall_FT_BlocksConcrete,FTC_CitadelWall_FT_BlocksConcrete,FTC_CitadelWall_FT_BlocksConcrete,FTC_CitadelWall_FT_BlocksConcrete,FTC_CitadelWall_FT_BlocksConcrete,FTC_CitadelWall_FT_BlocksConcrete,.,.,Plant_Grass,.,.,.,.,.,.,.,.,.,.,.,Plant_Grass,Filth_RubbleRock,Filth_RubbleRock,Filth_RubbleRock</li>
      <li>.,.,.,FTC_SandBag1x2c_Cloth_South,Plant_Grass,.,FT_Sandbag_Cloth,FT_Sandbag_Cloth,FT_Sandbag_Cloth,.,.,FT_Sandbag_Cloth,FT_Sandbag_Cloth,FT_Sandbag_Cloth,FT_Sandbag_Cloth,.,.,.,.,.,.,.,.,.,.,.,.,.,Plant_Grass,.,.,.,.,.,.,.,Plant_Grass,.,.,.</li>
    </li>
    <li>
      <li>.,.,.,.,.,.,.,.,.,.,.,.,.,.,.,.,.,.,.,.,.,.,.,.,.,.,.,.,.,.,.,.,.,.,.,.,.,.,.,.</li>
      <li>.,.,.,.,.,.,.,.,.,.,.,.,.,.,.,.,.,.,.,.,.,.,.,.,.,.,.,.,.,.,.,.,.,.,.,.,.,.,.,.</li>
      <li>.,.,.,.,.,.,.,.,.,.,.,.,.,.,.,.,.,.,.,.,.,.,.,.,.,.,.,.,.,.,.,.,.,.,.,.,.,.,.,.</li>
      <li>.,.,.,.,.,.,.,.,.,.,.,.,.,.,.,.,.,.,.,.,.,.,.,.,.,.,.,.,.,.,.,.,.,.,.,.,.,.,.,.</li>
      <li>.,.,.,.,.,.,.,.,.,.,.,.,.,.,.,.,.,.,.,.,.,.,.,.,.,.,.,.,.,.,.,.,.,.,.,.,.,.,.,.</li>
      <li>.,.,.,.,.,.,.,.,.,.,.,.,.,.,.,.,.,.,.,.,.,.,.,.,.,.,.,.,.,.,.,.,.,.,.,.,.,.,.,.</li>
      <li>.,.,.,.,.,.,.,.,.,.,.,.,.,.,.,.,.,.,.,.,.,.,.,.,.,.,.,.,.,.,.,.,.,.,.,.,.,.,.,.</li>
      <li>.,.,.,.,.,.,.,.,.,.,.,.,.,.,.,.,.,.,.,.,.,.,.,.,.,.,.,.,.,.,.,.,.,.,.,.,.,.,.,.</li>
      <li>.,.,.,.,.,.,.,.,.,.,.,.,.,.,.,.,.,.,.,.,.,.,.,.,.,.,.,.,.,.,.,.,.,.,.,.,.,.,.,.</li>
      <li>.,.,.,.,.,.,.,.,.,.,.,.,.,.,.,.,.,.,.,.,.,.,.,.,.,.,.,.,.,.,.,.,.,.,.,.,.,.,.,.</li>
      <li>.,.,.,.,.,.,.,.,.,.,.,.,.,.,.,.,.,.,.,.,.,.,.,.,.,.,.,.,.,.,.,.,.,.,.,.,.,.,.,.</li>
      <li>.,.,.,.,.,.,.,.,.,.,.,.,.,.,.,.,.,.,.,.,.,.,.,.,.,.,.,.,.,.,.,.,.,.,.,.,.,.,.,.</li>
      <li>.,.,.,.,.,.,.,.,.,.,.,.,.,.,.,.,.,.,.,.,.,.,.,.,.,.,.,.,.,.,.,.,.,.,.,.,.,.,.,.</li>
      <li>.,.,.,.,.,.,.,.,.,.,.,.,.,.,.,.,.,.,.,.,.,.,.,.,.,.,.,.,.,.,.,.,.,.,.,.,.,.,.,.</li>
      <li>.,.,.,.,.,.,.,.,.,.,.,.,.,.,.,.,.,.,.,.,.,.,.,.,.,.,.,.,.,.,.,.,.,.,.,.,.,.,.,.</li>
      <li>.,.,.,.,.,.,.,.,.,.,.,.,.,.,.,.,.,.,.,.,.,.,.,.,.,.,.,.,.,.,.,.,.,.,.,.,.,.,.,.</li>
      <li>.,.,.,.,.,.,.,.,.,.,.,.,.,.,.,.,.,.,.,.,.,.,.,.,.,.,.,.,.,.,.,.,.,.,.,.,.,.,.,.</li>
      <li>.,.,.,.,.,.,.,FT_CitadelGenerator_South,.,.,.,.,.,.,Door_Steel,.,.,.,.,.,.,.,.,.,.,.,.,.,.,.,.,.,.,.,.,.,.,.,.,.</li>
      <li>.,.,.,.,.,.,.,.,.,.,.,.,.,.,Filth_Dirt,.,.,.,FTC_PowerConduit,.,.,.,.,.,.,.,.,.,.,.,.,.,.,.,.,.,.,.,.,.</li>
      <li>.,.,.,.,.,.,.,.,.,.,.,.,FTC_PowerConduit,.,DiningChair_Steel_West,.,.,.,FTC_PowerConduit,.,.,.,.,.,.,.,.,.,.,.,.,.,.,.,.,.,.,.,.,.</li>
      <li>.,.,.,.,.,.,FTC_PowerConduit,FTC_PowerConduit,FTC_PowerConduit,FTC_PowerConduit,FTC_PowerConduit,FTC_PowerConduit,FTC_PowerConduit,.,.,.,.,.,FTC_PowerConduit,.,.,.,.,.,.,.,.,.,.,.,.,.,.,.,.,.,.,.,.,.</li>
      <li>.,.,.,.,.,Filth_Dirt,Door_Steel,.,.,.,.,.,FTC_PowerConduit,.,.,.,FTC_PowerConduit,FTC_PowerConduit,FTC_PowerConduit,.,.,.,.,.,.,.,.,.,.,.,.,.,.,.,.,.,.,.,.,.</li>
      <li>.,.,.,.,.,.,FTC_PowerConduit,.,.,.,.,.,FTC_PowerConduit,.,Filth_Dirt,.,FTC_PowerConduit,.,.,.,.,.,.,.,.,.,.,.,.,.,.,.,.,.,.,.,.,.,.,.</li>
      <li>.,.,.,.,.,.,FTC_PowerConduit,.,.,.,.,.,FTC_PowerConduit,.,.,.,FTC_PowerConduit,.,.,.,.,.,.,.,.,.,.,.,.,.,.,.,.,.,.,.,.,.,.,.</li>
      <li>.,.,.,.,.,.,FTC_PowerConduit,FTC_FloorDeco_FT_BlocksConcrete,FTC_FloorDeco_FT_BlocksConcrete,.,FTC_FloorDeco_FT_BlocksConcrete,FTC_FloorDeco_FT_BlocksConcrete,FTC_PowerConduit,.,DiningChair_Steel_East,.,FTC_PowerConduit,.,.,.,.,.,.,.,.,.,.,.,.,.,.,.,.,.,.,.,.,.,.,.</li>
      <li>.,.,.,.,.,.,FTC_PowerConduit,.,FTC_FloorDeco_FT_BlocksConcrete,.,.,.,FTC_PowerConduit,.,Filth_Dirt,.,FTC_PowerConduit,.,.,.,.,.,.,.,.,.,.,.,.,.,.,.,.,.,.,.,.,.,.,.</li>
      <li>.,.,.,.,.,.,FTC_PowerConduit,FTC_FloorDeco_FT_BlocksConcrete,FTC_FloorDeco_FT_BlocksConcrete,FTC_FloorDeco_FT_BlocksConcrete,FTC_FloorDeco_FT_BlocksConcrete,FTC_FloorDeco_FT_BlocksConcrete,FTC_PowerConduit,FTC_PowerConduit,FTC_PowerConduit,FTC_PowerConduit,FTC_PowerConduit,FTC_PowerConduit,FTC_PowerConduit,FTC_PowerConduit,.,.,.,.,.,.,.,.,.,.,.,.,.,.,.,.,.,.,.,.</li>
      <li>.,.,.,.,.,.,FTC_PowerConduit,.,.,.,.,.,FTC_PowerConduit,.,Filth_Blood,.,.,.,.,.,.,.,.,.,.,.,.,.,.,.,.,.,.,.,.,.,.,.,.,.</li>
      <li>.,.,.,.,.,.,FTC_PowerConduit,Sandbags_Cloth,.,.,.,Sandbags_Cloth,Sandbags_Cloth,.,.,Filth_Dirt,.,.,.,.,.,.,.,.,.,.,.,.,.,.,.,.,.,.,.,.,Plant_Grass,.,.,.</li>
      <li>.,.,.,.,.,.,.,.,.,.,Filth_Blood,.,.,.,.,.,.,.,.,.,.,.,.,.,.,.,.,.,.,.,.,.,.,.,.,.,.,.,Plant_Grass,.</li>
      <li>.,.,.,.,.,.,.,.,.,.,Door_Steel,.,.,.,.,.,.,.,.,.,.,.,.,.,.,.,.,.,.,.,.,.,.,.,.,.,.,.,.,.</li>
      <li>.,.,.,.,.,.,.,.,.,.,.,.,.,.,.,.,.,.,.,.,.,.,.,.,.,.,.,.,.,.,.,.,.,.,.,.,.,Plant_Grass,.,.</li>
      <li>.,.,.,.,.,.,.,.,.,.,.,.,.,.,.,.,.,.,.,.,.,.,.,.,.,.,.,.,.,.,.,.,.,.,.,.,.,.,.,.</li>
    </li>
    <li>
      <li>.,.,.,.,.,.,.,.,.,.,.,.,.,.,.,.,.,.,.,.,.,.,.,.,.,.,.,.,.,.,.,.,.,.,.,.,.,.,.,.</li>
      <li>.,.,.,.,.,.,.,.,.,.,.,.,.,.,.,.,.,.,.,.,.,.,.,.,.,.,.,.,.,.,.,.,.,.,.,.,.,.,.,.</li>
      <li>.,.,.,.,.,.,.,.,.,.,.,.,.,.,.,.,.,.,.,.,.,.,.,.,.,.,.,.,.,.,.,.,.,.,.,.,.,.,.,.</li>
      <li>.,.,.,.,.,.,.,.,.,.,.,.,.,.,.,.,.,.,.,.,.,.,.,.,.,.,.,.,.,.,.,.,.,.,.,.,.,.,.,.</li>
      <li>.,.,.,.,.,.,.,.,.,.,.,.,.,.,.,.,.,.,.,.,.,.,.,.,.,.,.,.,.,.,.,.,.,.,.,.,.,.,.,.</li>
      <li>.,.,.,.,.,.,.,.,.,.,.,.,.,.,.,.,.,.,.,.,.,.,.,.,.,.,.,.,.,.,.,.,.,.,.,.,.,.,.,.</li>
      <li>.,.,.,.,.,.,.,.,.,.,.,.,.,.,.,.,.,.,.,.,.,.,.,.,.,.,.,.,.,.,.,.,.,.,.,.,.,.,.,.</li>
      <li>.,.,.,.,.,.,.,.,.,.,.,.,.,.,.,.,.,.,.,.,.,.,.,.,.,.,.,.,.,.,.,.,.,.,.,.,.,.,.,.</li>
      <li>.,.,.,.,.,.,.,.,.,.,.,.,.,.,.,.,.,.,.,.,.,.,.,.,.,.,.,.,.,.,.,.,.,.,.,.,.,.,.,.</li>
      <li>.,.,.,.,.,.,.,.,.,.,.,.,.,.,.,.,.,.,.,.,.,.,.,.,.,.,.,.,.,.,.,.,.,.,.,.,.,.,.,.</li>
      <li>.,.,.,.,.,.,.,.,.,.,.,.,.,.,.,.,.,.,.,.,.,.,.,.,.,.,.,.,.,.,.,.,.,.,.,.,.,.,.,.</li>
      <li>.,.,.,.,.,.,.,.,.,.,.,.,.,.,.,.,.,.,.,.,.,.,.,.,.,.,.,.,.,.,.,.,.,.,.,.,.,.,.,.</li>
      <li>.,.,.,.,.,.,.,.,.,.,.,.,.,.,.,.,.,.,.,.,.,.,.,.,.,.,.,.,.,.,.,.,.,.,.,.,.,.,.,.</li>
      <li>.,.,.,.,.,.,.,.,.,.,.,.,.,.,.,.,.,.,.,.,.,.,.,.,.,.,.,.,.,.,.,.,.,.,.,.,.,.,.,.</li>
      <li>.,.,.,.,.,.,.,.,.,.,.,.,.,.,.,.,.,.,.,.,.,.,.,.,.,.,.,.,.,.,.,.,.,.,.,.,.,.,.,.</li>
      <li>.,.,.,.,.,.,.,.,.,.,.,.,.,.,.,.,.,.,.,.,.,.,.,.,.,.,.,.,.,.,.,.,.,.,.,.,.,.,.,.</li>
      <li>.,.,.,.,.,.,.,.,.,.,.,.,.,.,.,.,.,.,.,.,.,.,.,.,.,.,.,.,.,.,.,.,.,.,.,.,.,.,.,.</li>
      <li>.,.,.,.,.,.,.,.,.,.,.,.,.,.,Filth_RubbleBuilding,.,.,.,.,.,.,.,.,.,.,.,.,.,.,.,.,.,.,.,.,.,.,.,.,.</li>
      <li>.,.,.,.,.,.,.,.,.,.,.,.,.,.,.,.,.,.,.,.,.,.,.,.,.,.,.,.,.,.,.,.,.,.,.,.,.,.,.,.</li>
      <li>.,.,.,.,.,.,.,.,.,.,.,.,.,.,.,.,.,.,.,.,.,.,.,.,.,.,.,.,.,.,.,.,.,.,.,.,.,.,.,.</li>
      <li>.,.,.,.,.,.,.,.,.,.,.,.,.,.,.,.,.,.,.,.,.,.,.,.,.,.,.,.,.,.,.,.,.,.,.,.,.,.,.,.</li>
      <li>.,.,.,.,.,.,FTC_PowerConduit,.,.,.,.,.,.,.,.,.,.,.,.,.,.,.,.,.,.,.,.,.,.,.,.,.,.,.,.,.,.,.,.,.</li>
      <li>.,.,.,.,.,.,.,.,.,.,.,.,.,.,.,.,.,.,.,.,.,.,.,.,.,.,.,.,.,.,.,.,.,.,.,.,.,.,.,.</li>
      <li>.,.,.,.,.,.,.,.,.,.,.,.,.,.,.,.,.,.,.,.,.,.,.,.,.,.,.,.,.,.,.,.,.,.,.,.,.,.,.,.</li>
      <li>.,.,.,.,.,.,.,.,.,.,.,.,.,.,.,.,.,.,.,.,.,.,.,.,.,.,.,.,.,.,.,.,.,.,.,.,.,.,.,.</li>
      <li>.,.,.,.,.,.,.,.,.,.,.,.,.,.,.,.,.,.,.,.,.,.,.,.,.,.,.,.,.,.,.,.,.,.,.,.,.,.,.,.</li>
      <li>.,.,.,.,.,.,.,.,.,.,.,.,.,.,.,.,.,.,.,.,.,.,.,.,.,.,.,.,.,.,.,.,.,.,.,.,.,.,.,.</li>
      <li>.,.,.,.,.,.,.,.,.,.,.,.,.,.,Filth_RubbleBuilding,.,.,.,.,.,.,.,.,.,.,.,.,.,.,.,.,.,.,.,.,.,.,.,.,.</li>
      <li>.,.,.,.,.,.,.,.,.,.,.,.,.,.,.,.,.,.,.,.,.,.,.,.,.,.,.,.,.,.,.,.,.,.,.,.,.,.,.,.</li>
      <li>.,.,.,.,.,.,.,.,.,.,.,.,.,.,.,.,.,.,.,.,.,.,.,.,.,.,.,.,.,.,.,.,.,.,.,.,.,.,.,.</li>
      <li>.,.,.,.,.,.,.,.,.,.,.,.,.,.,.,.,.,.,.,.,.,.,.,.,.,.,.,.,.,.,.,.,.,.,.,.,.,.,.,.</li>
      <li>.,.,.,.,.,.,.,.,.,.,.,.,.,.,.,.,.,.,.,.,.,.,.,.,.,.,.,.,.,.,.,.,.,.,.,.,.,.,.,.</li>
      <li>.,.,.,.,.,.,.,.,.,.,.,.,.,.,.,.,.,.,.,.,.,.,.,.,.,.,.,.,.,.,.,.,.,.,.,.,.,.,.,.</li>
    </li>
    <li>
      <li>.,.,.,.,.,.,.,.,.,.,.,.,.,.,.,.,.,.,.,.,.,.,.,.,.,.,.,.,.,.,.,.,.,.,.,.,.,.,.,.</li>
      <li>.,.,.,.,.,.,.,.,.,.,.,.,.,.,.,.,.,.,.,.,.,.,.,.,.,.,.,.,.,.,.,.,.,.,.,.,.,.,.,.</li>
      <li>.,.,.,.,.,.,.,.,.,.,.,.,.,.,.,.,.,.,.,.,.,.,.,.,.,.,.,.,.,.,.,.,.,.,.,.,.,.,.,.</li>
      <li>.,.,.,.,.,.,.,.,.,.,.,.,.,.,.,.,.,.,.,.,.,.,.,.,.,.,.,.,.,.,.,.,.,.,.,.,.,.,.,.</li>
      <li>.,.,.,.,.,.,.,.,.,.,.,.,.,.,.,.,.,.,.,.,.,.,.,.,.,.,.,.,.,.,.,.,.,.,.,.,.,.,.,.</li>
      <li>.,.,.,.,.,.,.,.,.,.,.,.,.,.,.,.,.,.,.,.,.,.,.,.,.,.,.,.,.,.,.,.,.,.,.,.,.,.,.,.</li>
      <li>.,.,.,.,.,.,.,.,.,.,.,.,.,.,.,.,.,.,.,.,.,.,.,.,.,.,.,.,.,.,.,.,.,.,.,.,.,.,.,.</li>
      <li>.,.,.,.,.,.,.,.,.,.,.,.,.,.,.,.,.,.,.,.,.,.,.,.,.,.,.,.,.,.,.,.,.,.,.,.,.,.,.,.</li>
      <li>.,.,.,.,.,.,.,.,.,.,.,.,.,.,.,.,.,.,.,.,.,.,.,.,.,.,.,.,.,.,.,.,.,.,.,.,.,.,.,.</li>
      <li>.,.,.,.,.,.,.,.,.,.,.,.,.,.,.,.,.,.,.,.,.,.,.,.,.,.,.,.,.,.,.,.,.,.,.,.,.,.,.,.</li>
      <li>.,.,.,.,.,.,.,.,.,.,.,.,.,.,.,.,.,.,.,.,.,.,.,.,.,.,.,.,.,.,.,.,.,.,.,.,.,.,.,.</li>
      <li>.,.,.,.,.,.,.,.,.,.,.,.,.,.,.,.,.,.,.,.,.,.,.,.,.,.,.,.,.,.,.,.,.,.,.,.,.,.,.,.</li>
      <li>.,.,.,.,.,.,.,.,.,.,.,.,.,.,.,.,.,.,.,.,.,.,.,.,.,.,.,.,.,.,.,.,.,.,.,.,.,.,.,.</li>
      <li>.,.,.,.,.,.,.,.,.,.,.,.,.,.,.,.,.,.,.,.,.,.,.,.,.,.,.,.,.,.,.,.,.,.,.,.,.,.,.,.</li>
      <li>.,.,.,.,.,.,.,.,.,.,.,.,.,.,.,.,.,.,.,.,.,.,.,.,.,.,.,.,.,.,.,.,.,.,.,.,.,.,.,.</li>
      <li>.,.,.,.,.,.,.,.,.,.,.,.,.,.,.,.,.,.,.,.,.,.,.,.,.,.,.,.,.,.,.,.,.,.,.,.,.,.,.,.</li>
      <li>.,.,.,.,.,.,.,.,.,.,.,.,.,.,.,.,.,.,.,.,.,.,.,.,.,.,.,.,.,.,.,.,.,.,.,.,.,.,.,.</li>
      <li>.,.,.,.,.,.,.,.,.,.,.,.,.,.,.,.,.,.,.,.,.,.,.,.,.,.,.,.,.,.,.,.,.,.,.,.,.,.,.,.</li>
      <li>.,.,.,.,.,.,.,.,.,.,.,.,.,.,.,.,.,.,.,.,.,.,.,.,.,.,.,.,.,.,.,.,.,.,.,.,.,.,.,.</li>
      <li>.,.,.,.,.,.,.,.,.,.,.,.,.,.,.,.,.,.,.,.,.,.,.,.,.,.,.,.,.,.,.,.,.,.,.,.,.,.,.,.</li>
      <li>.,.,.,.,.,.,.,.,.,.,.,.,.,.,.,.,.,.,.,.,.,.,.,.,.,.,.,.,.,.,.,.,.,.,.,.,.,.,.,.</li>
      <li>.,.,.,.,.,.,Filth_Dirt,.,.,.,.,.,.,.,.,.,.,.,.,.,.,.,.,.,.,.,.,.,.,.,.,.,.,.,.,.,.,.,.,.</li>
      <li>.,.,.,.,.,.,.,.,.,.,.,.,.,.,.,.,.,.,.,.,.,.,.,.,.,.,.,.,.,.,.,.,.,.,.,.,.,.,.,.</li>
      <li>.,.,.,.,.,.,.,.,.,.,.,.,.,.,.,.,.,.,.,.,.,.,.,.,.,.,.,.,.,.,.,.,.,.,.,.,.,.,.,.</li>
      <li>.,.,.,.,.,.,.,.,.,.,.,.,.,.,.,.,.,.,.,.,.,.,.,.,.,.,.,.,.,.,.,.,.,.,.,.,.,.,.,.</li>
      <li>.,.,.,.,.,.,.,.,.,.,.,.,.,.,.,.,.,.,.,.,.,.,.,.,.,.,.,.,.,.,.,.,.,.,.,.,.,.,.,.</li>
      <li>.,.,.,.,.,.,.,.,.,.,.,.,.,.,.,.,.,.,.,.,.,.,.,.,.,.,.,.,.,.,.,.,.,.,.,.,.,.,.,.</li>
      <li>.,.,.,.,.,.,.,.,.,.,.,.,.,.,.,.,.,.,.,.,.,.,.,.,.,.,.,.,.,.,.,.,.,.,.,.,.,.,.,.</li>
      <li>.,.,.,.,.,.,.,.,.,.,.,.,.,.,.,.,.,.,.,.,.,.,.,.,.,.,.,.,.,.,.,.,.,.,.,.,.,.,.,.</li>
      <li>.,.,.,.,.,.,.,.,.,.,.,.,.,.,.,.,.,.,.,.,.,.,.,.,.,.,.,.,.,.,.,.,.,.,.,.,.,.,.,.</li>
      <li>.,.,.,.,.,.,.,.,.,.,.,.,.,.,.,.,.,.,.,.,.,.,.,.,.,.,.,.,.,.,.,.,.,.,.,.,.,.,.,.</li>
      <li>.,.,.,.,.,.,.,.,.,.,.,.,.,.,.,.,.,.,.,.,.,.,.,.,.,.,.,.,.,.,.,.,.,.,.,.,.,.,.,.</li>
      <li>.,.,.,.,.,.,.,.,.,.,.,.,.,.,.,.,.,.,.,.,.,.,.,.,.,.,.,.,.,.,.,.,.,.,.,.,.,.,.,.</li>
    </li>
  </layouts>
  <roofGrid>
    <li>.,.,.,.,.,.,.,.,.,.,.,.,.,.,.,.,.,.,.,.,.,.,.,.,.,.,.,.,.,.,.,.,.,.,.,.,.,.,.,.</li>
    <li>.,.,.,.,.,.,.,.,.,.,.,.,.,.,.,.,.,.,.,.,.,.,.,.,.,.,.,.,.,.,.,.,.,.,.,.,.,.,.,.</li>
    <li>.,.,.,.,.,.,.,.,.,.,.,.,.,.,.,.,.,.,.,.,.,.,.,.,.,.,.,.,.,.,.,.,.,.,.,.,.,.,.,.</li>
    <li>.,.,.,.,.,.,.,.,.,.,.,.,.,.,.,.,.,.,.,.,.,.,.,.,.,.,.,.,.,.,.,.,.,.,.,.,.,.,.,.</li>
    <li>.,.,.,.,.,.,.,.,.,.,.,.,.,.,.,.,.,.,.,.,.,.,.,.,.,.,.,.,.,.,.,.,.,.,.,.,.,.,.,.</li>
    <li>.,.,.,.,.,.,.,.,.,.,.,.,.,.,.,.,.,.,.,.,.,.,.,.,.,.,.,.,.,.,.,.,.,.,.,.,.,.,.,.</li>
    <li>.,.,.,.,.,.,.,.,.,.,.,.,.,.,.,.,.,.,.,.,.,.,.,.,.,.,.,.,.,.,.,.,.,.,.,.,.,.,.,.</li>
    <li>.,.,.,.,.,.,.,.,.,.,.,.,.,.,.,.,.,.,.,.,.,.,.,.,.,.,.,.,.,.,.,.,.,.,.,.,.,.,.,.</li>
    <li>.,.,.,.,.,.,.,.,.,.,.,.,.,.,.,.,.,.,.,.,.,.,.,.,.,.,.,.,.,.,.,.,.,.,.,.,.,.,.,.</li>
    <li>.,.,.,.,.,.,.,.,.,.,.,.,.,.,.,.,.,.,.,.,.,.,.,.,.,.,.,.,.,.,.,.,.,.,.,.,.,.,.,.</li>
    <li>.,.,.,.,.,.,.,.,.,.,.,.,.,.,.,.,.,.,.,.,.,.,.,.,.,.,.,.,.,.,.,.,.,.,.,.,.,.,.,.</li>
    <li>.,.,.,.,.,.,.,.,.,.,.,.,.,.,.,.,.,.,.,.,.,.,.,.,.,.,.,.,.,.,.,.,.,.,.,.,.,.,.,.</li>
    <li>.,.,.,.,.,.,.,.,.,.,.,.,.,.,.,.,.,.,.,.,.,.,.,.,.,.,.,.,.,.,.,.,.,.,.,.,.,.,.,.</li>
    <li>.,.,.,.,.,.,.,.,.,.,.,.,.,.,.,.,.,.,.,.,.,.,.,.,.,.,.,.,.,.,.,.,.,.,.,.,.,.,.,.</li>
    <li>.,.,.,.,.,.,.,.,.,.,.,.,.,.,.,.,.,.,.,.,.,.,.,.,.,.,.,.,.,.,.,.,.,.,.,.,.,.,.,.</li>
    <li>.,.,.,.,1,1,1,1,1,1,1,1,1,.,.,.,.,.,.,.,.,.,.,.,.,.,.,.,.,.,.,.,.,.,.,.,.,.,.,.</li>
    <li>.,.,.,1,1,1,1,1,1,1,1,1,1,.,.,.,.,.,.,.,.,.,.,.,.,.,.,.,.,.,.,.,.,.,.,.,.,.,.,.</li>
    <li>.,.,.,1,1,1,1,1,1,1,1,1,1,1,1,1,1,.,1,.,.,.,.,.,.,.,.,.,.,.,.,.,.,.,.,.,.,.,.,.</li>
    <li>.,.,.,1,1,1,1,1,1,1,1,1,1,1,1,1,1,1,1,.,.,.,.,.,.,.,.,.,.,.,.,.,.,.,.,.,.,.,.,.</li>
    <li>.,.,.,1,1,1,1,1,1,1,1,1,1,1,1,1,1,1,1,.,.,.,.,.,.,.,.,.,.,.,.,.,.,.,.,.,.,.,.,.</li>
    <li>.,.,.,1,1,1,1,1,1,1,1,1,1,1,1,1,1,1,1,.,.,.,.,.,.,.,.,.,.,.,.,.,.,.,.,.,.,.,.,.</li>
    <li>.,.,.,1,1,1,1,1,1,1,1,1,1,1,1,1,1,1,1,.,.,.,.,.,.,.,.,.,.,.,.,.,.,.,.,.,.,.,.,.</li>
    <li>.,.,.,1,1,1,1,1,1,1,1,1,1,1,1,1,1,.,.,.,.,.,.,.,.,.,.,.,.,.,.,.,.,.,.,.,.,.,.,.</li>
    <li>.,.,.,1,1,1,1,1,1,1,1,1,1,1,1,1,1,.,.,.,.,.,.,.,.,.,.,.,.,.,.,.,.,.,.,.,.,.,.,.</li>
    <li>.,.,.,1,1,1,1,1,1,1,1,1,1,1,1,1,1,.,.,.,.,.,.,.,.,.,.,.,.,.,.,.,.,.,.,.,.,.,.,.</li>
    <li>.,.,.,1,1,1,1,1,1,1,1,1,1,1,1,1,1,.,.,.,.,.,.,.,.,.,.,.,.,.,.,.,.,.,.,.,.,.,.,.</li>
    <li>.,.,.,1,1,1,1,1,1,1,1,1,1,1,1,1,1,1,1,1,1,1,.,.,.,.,.,.,.,.,.,.,.,.,.,.,.,.,.,.</li>
    <li>.,.,.,1,1,1,1,1,1,1,1,1,1,1,1,1,1,1,1,1,1,1,.,.,.,.,.,.,.,.,.,.,.,.,.,.,.,.,.,.</li>
    <li>.,.,1,1,1,1,1,1,1,1,1,1,1,1,1,1,1,1,1,1,1,1,.,.,.,.,.,.,.,.,.,.,.,.,.,.,.,.,.,.</li>
    <li>.,.,1,1,1,1,1,1,1,1,1,1,1,1,1,1,1,1,1,1,1,1,.,.,.,.,.,.,.,.,.,.,.,.,.,.,.,.,.,.</li>
    <li>.,.,1,1,1,1,1,1,1,1,1,1,1,1,1,1,1,1,1,1,1,1,.,.,.,.,.,.,.,.,.,.,.,.,.,.,.,.,.,.</li>
    <li>.,.,1,1,1,1,.,.,.,.,.,.,.,.,.,1,1,1,1,1,1,1,.,.,.,.,.,.,.,.,.,.,.,.,.,.,.,.,.,.</li>
    <li>.,.,.,.,.,.,.,.,.,.,.,.,.,.,.,.,.,.,.,.,.,.,.,.,.,.,.,.,.,.,.,.,.,.,.,.,.,.,.,.</li>
  </roofGrid>
  <modRequirements>
    <li>aoba.fortress.industrial</li>
    <li>aoba.fortress.industrial.citadel</li>
  </modRequirements>
  <forceGenerateRoof>true</forceGenerateRoof>
</KCSG.StructureLayoutDef>

<KCSG.SymbolDef>
  <defName>FT_TankTrap</defName>
  <thing>FT_TankTrap</thing>
</KCSG.SymbolDef>

<KCSG.SymbolDef>
  <defName>FTC_TurretTwinMG_Base_South</defName>
  <thing>FTC_TurretTwinMG_Base</thing>
  <rotation>South</rotation>
</KCSG.SymbolDef>

<KCSG.SymbolDef>
  <defName>FT_Stony_Palisade_FT_BlocksConcrete</defName>
  <thing>FT_Stony_Palisade</thing>
  <stuff>FT_BlocksConcrete</stuff>
</KCSG.SymbolDef>

<KCSG.SymbolDef>
  <defName>FTC_CitadelWall_FT_BlocksConcrete</defName>
  <thing>FTC_CitadelWall</thing>
  <stuff>FT_BlocksConcrete</stuff>
</KCSG.SymbolDef>

<KCSG.SymbolDef>
  <defName>FT_Stony_Palisade_CornerEmbrasures_FT_BlocksConcrete</defName>
  <thing>FT_Stony_Palisade_CornerEmbrasures</thing>
  <stuff>FT_BlocksConcrete</stuff>
</KCSG.SymbolDef>

<KCSG.SymbolDef>
  <defName>FT_Stony_Palisade_Corner_FT_BlocksConcrete</defName>
  <thing>FT_Stony_Palisade_Corner</thing>
  <stuff>FT_BlocksConcrete</stuff>
</KCSG.SymbolDef>

<KCSG.SymbolDef>
  <defName>FTC_TurretAutocannon_Base_East</defName>
  <thing>FTC_TurretAutocannon_Base</thing>
  <rotation>East</rotation>
</KCSG.SymbolDef>

<KCSG.SymbolDef>
  <defName>FTC_SandBag1x2c_Cloth_South</defName>
  <thing>FTC_SandBag1x2c</thing>
  <stuff>Cloth</stuff>
  <rotation>South</rotation>
</KCSG.SymbolDef>

<KCSG.SymbolDef>
  <defName>FT_ConcreteTile</defName>
  <isTerrain>true</isTerrain>
  <terrain>FT_ConcreteTile</terrain>
</KCSG.SymbolDef>

<KCSG.SymbolDef>
  <defName>FTC_SandBag1x2c_Cloth_East</defName>
  <thing>FTC_SandBag1x2c</thing>
  <stuff>Cloth</stuff>
  <rotation>East</rotation>
</KCSG.SymbolDef>

<KCSG.SymbolDef>
  <defName>FT_AntennaTower</defName>
  <thing>FT_AntennaTower</thing>
</KCSG.SymbolDef>

<KCSG.SymbolDef>
  <defName>FTC_PowerConduit</defName>
  <thing>FTC_PowerConduit</thing>
</KCSG.SymbolDef>

<KCSG.SymbolDef>
  <defName>FT_FuelGenerator_North</defName>
  <thing>FT_FuelGenerator</thing>
  <rotation>North</rotation>
</KCSG.SymbolDef>

<KCSG.SymbolDef>
  <defName>FT_TableLathe_West</defName>
  <thing>FT_TableLathe</thing>
  <rotation>West</rotation>
</KCSG.SymbolDef>

<KCSG.SymbolDef>
  <defName>FT_TableConcrete_North</defName>
  <thing>FT_TableConcrete</thing>
  <rotation>North</rotation>
</KCSG.SymbolDef>

<KCSG.SymbolDef>
  <defName>FT_transformer_West</defName>
  <thing>FT_transformer</thing>
  <rotation>West</rotation>
</KCSG.SymbolDef>

<KCSG.SymbolDef>
  <defName>FT_Sandbag_Cloth</defName>
  <thing>FT_Sandbag</thing>
  <stuff>Cloth</stuff>
</KCSG.SymbolDef>

<KCSG.SymbolDef>
  <defName>FTC_TurretTwinMG_Base_West</defName>
  <thing>FTC_TurretTwinMG_Base</thing>
  <rotation>West</rotation>
</KCSG.SymbolDef>

<KCSG.SymbolDef>
  <defName>FT_Radio_West</defName>
  <thing>FT_Radio</thing>
  <rotation>West</rotation>
</KCSG.SymbolDef>

<KCSG.SymbolDef>
  <defName>FT_BlocksConcrete</defName>
  <thing>FT_BlocksConcrete</thing>
</KCSG.SymbolDef>

<KCSG.SymbolDef>
  <defName>FT_ConcreteCompressed</defName>
  <thing>FT_ConcreteCompressed</thing>
</KCSG.SymbolDef>

<KCSG.SymbolDef>
  <defName>FT_Concrete</defName>
  <isTerrain>true</isTerrain>
  <terrain>FT_Concrete</terrain>
</KCSG.SymbolDef>

<KCSG.SymbolDef>
  <defName>FTC_FieldKitchen_West</defName>
  <thing>FTC_FieldKitchen</thing>
  <rotation>West</rotation>
</KCSG.SymbolDef>

<KCSG.SymbolDef>
  <defName>FT_CitadelGenerator_South</defName>
  <thing>FT_CitadelGenerator</thing>
  <rotation>South</rotation>
</KCSG.SymbolDef>

<KCSG.SymbolDef>
  <defName>FTC_FloorDeco_FT_BlocksConcrete</defName>
  <thing>FTC_FloorDeco</thing>
  <stuff>FT_BlocksConcrete</stuff>
</KCSG.SymbolDef>

</Defs>