<?xml version="1.0" encoding="utf-8" ?>

<Defs>

  <ThingDef ParentName="BuildingBase">
    <defName>FTC_InfrasonicDecoy</defName>
    <label>infrasonic Decoy</label>
    <description>a facility which generating infrasound waves that induces angry animals and insectroid to the area where the facility is located to keep surrounding colonies safe, requiring electricity to operate.</description>
    <graphicData>
      <texPath>Things/DecoyFacility_AnimalEvent</texPath>
      <graphicClass>Graphic_Single</graphicClass>
      <drawSize>(4,4)</drawSize>
      <drawOffset>(0,0,0)</drawOffset>
      <damageData>
        <cornerTL>Damage/Corner</cornerTL>
        <cornerTR>Damage/Corner</cornerTR>
        <cornerBL>Damage/Corner</cornerBL>
        <cornerBR>Damage/Corner</cornerBR>
      </damageData>
    </graphicData>
    <altitudeLayer>Building</altitudeLayer>
    <passability>PassThroughOnly</passability>
    <castEdgeShadows>true</castEdgeShadows>
    <staticSunShadowHeight>0.15</staticSunShadowHeight>
    <fillPercent>0.35</fillPercent>
    <canOverlapZones>false</canOverlapZones>
    <pathCost>42</pathCost>
    <tickerType>Normal</tickerType>
    <statBases>
      <MaxHitPoints>500</MaxHitPoints>
      <WorkToBuild>2000</WorkToBuild>
      <Flammability>0.25</Flammability>
    </statBases>
    <size>(2,2)</size>
    <costList>
      <Steel>250</Steel>
      <ComponentSpacer>2</ComponentSpacer>
      <ComponentIndustrial>10</ComponentIndustrial>
      <FT_ConcreteCompressed>7</FT_ConcreteCompressed>
    </costList>
    <building>
      <destroySound>BuildingDestroyed_Metal_Small</destroySound>
      <ai_combatDangerous>true</ai_combatDangerous>
    </building>
    <researchPrerequisites>
      <li>FTC_Decoy</li>
    </researchPrerequisites>
    <designationCategory>Misc</designationCategory>
    <constructionSkillPrerequisite>4</constructionSkillPrerequisite>
    <comps>
      <li Class="CompProperties_Power">
        <compClass>CompPowerTrader</compClass>
        <basePowerConsumption>1800</basePowerConsumption>
			  <transmitsPower>true</transmitsPower>
      </li>
      <li Class="CompProperties_Flickable"/>  
      <li Class="CompProperties_Explosive">
        <explosiveRadius>5.9</explosiveRadius>
        <explosiveDamageType>EMP</explosiveDamageType>
        <explosiveExpandPerStackcount>0.4</explosiveExpandPerStackcount>
        <startWickHitPointsPercent>0.5</startWickHitPointsPercent>
        <wickTicks>30~60</wickTicks>
      </li>
      
      <li Class="SingalTower.CompProperties_SignalTower">
        <incidentsWhiteList>

        <!-- Vanilla -->
          <li>Infestation</li>
		      <li>DeepDrillInfestation</li>
          <li>ManhunterPack</li>
		      <li>AnimalInsanityMass</li>

        <!-- Alpha Animals -->
          <li MayRequire="sarg.alphaanimals">AA_IncidentStalkingArcticLion</li>
          <li MayRequire="sarg.alphaanimals">AA_IncidentBlizzariskClutchMother</li>
          <li MayRequire="sarg.alphaanimals">AA_IncidentDunealiskClutchMother</li>
          <li MayRequire="sarg.alphaanimals">AA_IncidentFeraliskClutchMother</li>
          <li MayRequire="sarg.alphaanimals">AA_IncidentSummitCrab</li>
          <li MayRequire="sarg.alphaanimals">AA_CactipineDropPod</li>
          <li MayRequire="sarg.alphaanimals">AA_Incident_BlackHive</li>
          <li MayRequire="sarg.alphaanimals">AA_IncidentFungalHusk</li>

        <!-- Vanilla Genetics Expanded -->          
          <li MayRequire="VanillaExpanded.VGeneticsE">GR_ManhunterMonstrosities</li>  <!-- roaming monstrosities -->

        <!-- Vanilla Events Expanded -->          
          <li MayRequire="VanillaExpanded.VEE">ManhunterPackPurple</li>  <!-- manhunter pack -->
          <li MayRequire="VanillaExpanded.VEE">AnimalInsanityMassPurple</li>  <!-- mass animal insanity -->


        </incidentsWhiteList>
      </li>
    </comps>
  </ThingDef>

  <ThingDef ParentName="BuildingBase">
    <defName>FTC_SignalDecoy</defName>
    <label>electromagnetic signal decoy</label>
    <description>a facility which broadcasts disguised communications and forwards broadcasts. can hide the location of surrounding colonies from raid, requiring electricity to operate.</description>
    <graphicData>
      <texPath>Things/DecoyFacility_IndustrialEvent</texPath>
      <graphicClass>Graphic_Single</graphicClass>
      <drawSize>(4,7.5)</drawSize>
      <drawOffset>(0,0,1.75)</drawOffset>
      <damageData>
        <cornerTL>Damage/Corner</cornerTL>
        <cornerTR>Damage/Corner</cornerTR>
        <cornerBL>Damage/Corner</cornerBL>
        <cornerBR>Damage/Corner</cornerBR>
      </damageData>
    </graphicData>
    <altitudeLayer>Building</altitudeLayer>
    <passability>PassThroughOnly</passability>
    <castEdgeShadows>true</castEdgeShadows>
    <staticSunShadowHeight>0.25</staticSunShadowHeight>
    <fillPercent>0.5</fillPercent>
    <canOverlapZones>false</canOverlapZones>
    <pathCost>42</pathCost>
    <tickerType>Normal</tickerType>
    <statBases>
      <MaxHitPoints>500</MaxHitPoints>
      <WorkToBuild>4000</WorkToBuild>
      <Flammability>0.25</Flammability>
    </statBases>
    <size>(3,3)</size>
    <costList>
      <Steel>300</Steel>
      <ComponentSpacer>5</ComponentSpacer>
      <ComponentIndustrial>12</ComponentIndustrial>
      <FT_ConcreteCompressed>10</FT_ConcreteCompressed>
    </costList>
    <building>
      <destroySound>BuildingDestroyed_Metal_Small</destroySound>
      <ai_combatDangerous>true</ai_combatDangerous>
    </building>
    <researchPrerequisites>
      <li>FTC_Decoy</li>
    </researchPrerequisites>
    <designationCategory>Misc</designationCategory>
    <constructionSkillPrerequisite>8</constructionSkillPrerequisite>
    <comps>
      <li Class="CompProperties_Power">
        <compClass>CompPowerTrader</compClass>
        <basePowerConsumption>4000</basePowerConsumption>
			  <transmitsPower>true</transmitsPower>
      </li>
      <li Class="CompProperties_Flickable"/>  
      <li Class="CompProperties_Explosive">
        <explosiveRadius>9.9</explosiveRadius>
        <explosiveDamageType>EMP</explosiveDamageType>
        <explosiveExpandPerStackcount>0.4</explosiveExpandPerStackcount>
        <startWickHitPointsPercent>0.5</startWickHitPointsPercent>
        <wickTicks>30~60</wickTicks>
      </li>
      <li Class="SingalTower.CompProperties_SignalTower">
        <incidentsWhiteList>

        <!-- Vanilla -->
          <li>RaidEnemy</li>
		      <li>MechCluster</li>

          
        <!-- Royalty -->
          <li MayRequire="Ludeon.RimWorld.Royalty">ProblemCauser</li>    <!-- problem causer -->

        <!-- [SR]Raid Extension -->
          <li MayRequire="SR.ModRimworld.RaidExtension">SrPoaching</li>    <!-- Poaching -->
          <li MayRequire="SR.ModRimworld.RaidExtension">SrLogging</li>    <!-- Logging -->
          <li MayRequire="SR.ModRimworld.RaidExtension">SrHositleCaravanPassing</li>    <!-- Hositle Caravan Passing By -->
          <li MayRequire="SR.ModRimworld.RaidExtension">SrHositleTraveler</li>    <!-- Lost Raider -->

        <!-- [SR]Factional War -->
          <li MayRequire="SR.ModRimworld.FactionalWar">SrFactionWar</li>    <!-- Faction Assault -->
          <li MayRequire="SR.ModRimworld.FactionalWar">SrFactionWarShellingSiteGenerate</li>    <!-- Faction Bombardment -->
          <li MayRequire="SR.ModRimworld.FactionalWar">SrFactionWarContentionSiteGenerate</li>    <!-- Faction Contention -->
          <li MayRequire="SR.ModRimworld.FactionalWar">SrFactionWarTempCampSiteGenerate</li>    <!-- Faction Defense -->

        <!-- Vanilla Factions Expanded - Vikings -->
          <li MayRequire="OskarPotocki.VFE.Vikings">VFEV_SlaverRaid</li>    <!-- raid (slavers) -->
          <li MayRequire="OskarPotocki.VFE.Vikings">VFEV_PillageRaid</li>    <!-- raid (pillage) -->

        <!-- Vanilla Events Expanded -->          
          <li MayRequire="VanillaExpanded.VEE">RaidEnemyPurple</li>  <!-- enemy raid ice age -->

        </incidentsWhiteList>
      </li>
    </comps>
  </ThingDef>

  <ThingDef ParentName="BuildingBase">
    <defName>FTC_EnegryDecoy</defName>
    <label>enegry signal decoy</label>
    <description>a facility which artificially create high-energy signals allows hostile entities that rely on energy reflection to select targets to identify them as a priority target, thereby protecting surrounding colonies from threats. requiring electricity to operate.</description>
    <graphicData>
      <texPath>Things/DecoyFacility_SpacerEvent</texPath>
      <graphicClass>Graphic_Single</graphicClass>
      <drawSize>(6,6)</drawSize>
      <drawOffset>(0,0,0)</drawOffset>
      <damageData>
        <cornerTL>Damage/Corner</cornerTL>
        <cornerTR>Damage/Corner</cornerTR>
        <cornerBL>Damage/Corner</cornerBL>
        <cornerBR>Damage/Corner</cornerBR>
      </damageData>
    </graphicData>
    <altitudeLayer>Building</altitudeLayer>
    <passability>PassThroughOnly</passability>
    <castEdgeShadows>true</castEdgeShadows>
    <staticSunShadowHeight>0.25</staticSunShadowHeight>
    <fillPercent>0.5</fillPercent>
    <canOverlapZones>false</canOverlapZones>
    <pathCost>42</pathCost>
    <tickerType>Normal</tickerType>
    <statBases>
      <MaxHitPoints>450</MaxHitPoints>
      <WorkToBuild>5000</WorkToBuild>
      <Flammability>0.25</Flammability>
    </statBases>
    <size>(4,4)</size>
    <costList>
      <Steel>500</Steel>
      <ComponentSpacer>10</ComponentSpacer>
      <ComponentIndustrial>12</ComponentIndustrial>
      <FT_ConcreteCompressed>15</FT_ConcreteCompressed>
    </costList>
    <building>
      <destroySound>BuildingDestroyed_Metal_Small</destroySound>
      <ai_combatDangerous>true</ai_combatDangerous>
    </building>
    <researchPrerequisites>
      <li>FTC_Decoy</li>
    </researchPrerequisites>
    <designationCategory>Misc</designationCategory>
    <constructionSkillPrerequisite>10</constructionSkillPrerequisite>
    <comps>
      <li Class="CompProperties_Power">
        <compClass>CompPowerTrader</compClass>
        <basePowerConsumption>6000</basePowerConsumption>
			  <transmitsPower>true</transmitsPower>
      </li>
      <li Class="CompProperties_Flickable"/>  
      <li Class="CompProperties_Explosive">
        <explosiveRadius>15.9</explosiveRadius>
        <explosiveDamageType>EMP</explosiveDamageType>
        <explosiveExpandPerStackcount>0.4</explosiveExpandPerStackcount>
        <startWickHitPointsPercent>0.5</startWickHitPointsPercent>
        <wickTicks>30~60</wickTicks>
      </li>
      <li Class="SingalTower.CompProperties_SignalTower">
        <incidentsWhiteList>
        <!-- Vanilla -->
          <li>MechCluster</li>
		  <li>PsychicEmanatorShipPartCrash</li>
		  <li>DefoliatorShipPartCrash</li>
          
        </incidentsWhiteList>
      </li>
    </comps>
  </ThingDef>


</Defs>	